S.No,"Part No","Part Name"
1,"001 HR","Gear Assembly"
2,"BR 1001","A Main Roller 3.5F 206"
3,"BR 1002A","Center Roller - 3.5 206"
4,"BR 1003A","Support Roller - 3.5F 206"
5,"BR 1011","Chain Sprocket 4step"
6,"BR 1029","Roller Cup 1.6mm Cs206"
7,"BR 1004","Roller Cup Bearing Fit 2.5"
8,"BR 1040","Triangle  Bearing Lock Cup 206"
9,"BR 1018","Circlip A 25"
10,"JSS 1410","M10 X 25MM"
11,"JSS 1412","M10 X30MM"
12,"JSS 1306","M8 X 20MM"
13,"JSS 1308","M8 X 25MM"
14,"BR 2080","Shaping Plate Bolt 8x25"
15,"BR 2088","Shaping Plate Bolt 8x30"
16,"BR 2039","Shaping Plate"
17,"JSS 1382M8","SUN LOCK NUT"
18,"BR 2086","R Cotter Pin 2mm"
19,"BR 2072","R Cotter Pin 3mm"
20,"BR 2074","Chain Tighter 6303 Bearing 14T"
21,"BR 5053","6303 Bearing"
22,"BR 2070","Chain Tensan Roller Big 13T"
23,"BR 2085","Bearing 6203 2RS (NBC)"
24,"BR 2076","B-47 Circlip"
25,"BR 2050","Circlip B40"
26,"BR 2049","Circlip A18"
27,"BR 2021","Chain Adj Lever Small"
28,"BR 2003","Chain Adj Lever Big"
29,"BR 2004","Chain Adj Lever Rod Big"
30,"BR 2091","Chain Adj Lever Rod Small"
31,"JSS 1486","M10 H . NUT"
32,"JSS 1487","M10 SUNLOCK NUT"
33,"BR 1014","Door Joint CI"
34,"BR 1033","Door Joint Bearing Fit CS206"
35,"BR 1019","Bearing CS205 2RS"
36,"BR 1030","Bearing CS 206 2RS"
37,"BR 1034","M20 Flange Nut"
38,"BR 1022","Sim Waser 2mm"
39,"BR 2005","Chain Adj Lever Spring"
40,"BR 2006","Chain Adj Lever Coller"
41,"BR 1009","Chain Sprocket 3 Step"
42,"BR 1041","Sprocket 1Step  20T"
43,"BR 1049","Diamond Chain 5/8"
44,"BR 1045","Diamond Chain Lock 5/8"
45,"JSS 1492","Plate Washer M10x25x2mm"
46,"JSS 1386","Plate Washer M8x21x3mm"
47,"BR 1025","Chain Adj Center Roller"
48,"001 Roller","Ass 310"
49,"001 Roller","Assambly 112"
50,"BR 1002B","Center Roller - 2.5F 206"
51,"BR 1001B","Main Roller 2.5F 206"
52,"BR 1003B","Support Roller - 2.5F  206"
53,"BR 1003B1","Support Plain Roller - 2.5F"
54,"JSS 2094","M20 SUN LOCK NUT"
55,"BR 2098","Chain Tension Roller Big 6303 5/8"
56,"BR 1059","Renold Chain 152 Pitch"
57,"BR 1047","Renold Connecting Link Full 5/8"
58,"JSS 1310","M8 X 30MM"
59,"BR 2073","R Cotter Pin 1.6mm"
60,"JSS 1387","M8x1mm Plate Waser"
61,"JSS 1595","M12 SUN LOCK NUT"
62,"BR 2096","Titer Pin Bolt"
63,"JSS 2134","M20 Plate Waser 3mm"
64,"JSS 1599","M12 Plate Waser 25x1.6mm"
65,"BR 1051","Renold  Center Chain 42 Pitch"
66,"JSS 1490","M10 Spring Waser"
67,"JSS 1385","M8 Spring Waser"
68,"BR 1003C","Support Plain Roller - 3F 206"
69,"BR 8000","F Frame"
70,"BR 8000","R Frame"
71,"001 Roller","Assembly 212"
72,"BR 1002","Center Roller 3F 206"
73,"BR 1003","Support Roller 3F- 206"
74,"BR1058 Chain","Sprocket 4 Step 30 Dia 3/4"
75,"BR 1027","3 Step Spracket 3/4"
76,"BR 1057","22T Sprocket 30 Dia"
77,"BR 2094","Chain Tension Roller Big 6303 3/4"
78,"BR 2093","Chain Tension Roller Small 6203 3/4"
79,"JSS 1496","M10 Plate Waser"
80,"BR 1073","Door Joint SI"
81,"BR 2059","Tyre 400x8"
82,"BR 2060","Wheel Tube"
83,"BR 2061","Wheel Disk 400x8"
84,"BR 2062","Wheel Hup"
85,"BR 2063","Wheel Shaft"
86,"BR 2065","Bearing 6205 2Rs"
87,"JSS 1241","M6 X 16MM A"
88,"JSS 1461","M10 X 30MM A"
89,"JSS 1517","M12 X 80MM HALF"
90,"JSS 1797","M16 SUN LOCK NUT"
91,"JSS 1799","M16 Plate Waser"
92,"BR 1052","Main Roller30 Dia 3F"
93,"001 Roller","Assmbly 312"
94,"BR 7061","A Gear Box Flange Single 3.5 Ex 4G RHS"
95,"BR 7060","Housing 4G"
96,"BR 7084","PTO Cover Ex 4G"
97,"BR 7057","PTO Shaft Ex 4G"
98,"BR 7070","Oil Seal 30x52x10"
99,"BR 7047","Oil Seal 40x72x8"
100,"BR 7048","Cirlclip B-72"
101,"BR 7049","OILSEAL 40X72X10"
102,"BR 7069A","Gear Shaft 3.5 4G"
103,"BR 7064","Bevel 19 T New"
104,"BR 7065","Bevel 12 T 4G"
105,"BR 7074","10*10 KEY"
106,"BR 3024","Loader Pipe Waser 1mm"
107,"BR 7037","Bearing 6305 2RS"
108,"BR 7039","Bearing 6206 2 RS"
109,"BR 7071","Bearing 6210ZZ"
110,"BR 7080","Bearing 30207"
111,"BR 7081","Bearing 32210"
112,"BR 7078","Sprocket 16 T Ex 4G"
113,"BR 7079","Chain Sprocket Flang Ex 4G"
114,"BR 7077","Nylon Bush 4G"
115,"BR 7075","Gear Shaft Bush MS Ex 4G"
116,"JSS 1219","M6 X 60MM"
117,"JSS 1268","M6 SUNLOCK NUT"
118,"BR 6005","Spracket 43T"
119,"BR 7050","Oil Dummy"
120,"JSS 1408","M10 X 20MM"
121,"JSS 1511","M12 X 50MM"
122,"JSS 1512M12","X 55MM"
123,"JSS 1418","M10 X 50MM HALF"
124,"JSS 1419","M10 X 55MM HALF"
125,"JSS 1414","M10 X 35MM"
126,"JSS 1317","M8 X 55MM HALF"
127,"BR 2055","Front Stand"
128,"JSS 1446","M10 X 25MM CSK"
129,"JSS 1598","M12 Spring Waser"
130,"002 Gear","Ass 310"
131,"002 Gear","Assambly 112"
132,"BR 7036","Square Lock Plate"
133,"BR 7028",Spracket
134,"BR 7029","Spracket Flange"
135,"BR 7030","Nylon Bush 3G"
136,"BR 5042","Grease Nipple M6"
137,"BR 7033","Joint Hand RHS Set"
138,"BR 7018","Joint Hand LHS 20mm"
139,"BR 7034","Hand Pin"
140,"BR 7035","Sunlock Nut 1"""
141,"BR 7055","1"" Spring Waser"
142,"BR 7020","Bevel Gear 22T"
143,"BR 7021","Bevel Gear 12T"
144,"BR 7085","PTO Shaft J Type"
145,"BR 7008","Gear Shaft 3"
146,"BR 7052","7x7 Key"
147,"BR 7041","Oil Seal 40x62x10"
148,"BR 7042","Oil Seal 25x45x10"
149,"BR 7043","Oil Seal 25x52x10"
150,"BR 7038","Bearing 6205 2RS"
151,"BR 7051","Bearing 6007 2RS"
152,"JSS 1210","M6 X 30MM Half"
153,"JSS 1316","M8 X 50MM"
154,"JSS 1267","M6 H. NUT"
155,"BR 7013","Circlip B62"
156,"BR 1023","Sim Waser 2.5 mm"
157,"BR 1021","Sim Waser 1mm"
158,"BR 1026","Chain Lock Half 3/4"
159,"BR 2067","Wheel Set"
160,"BR 7102","Thred Lock Past Small"
161,"BR 7061","Flange Single 3 Ex 4G RHS"
162,"BR 7069","A Gear Shaft EX-4G"
163,"BR 7096","Bearing 22207"
164,"BR 7095","Bearing 22206 2RS"
165,"BR7078 Sprocket","4G 3/4"
166,"BR 3015","Clutch Cotter Pin"
167,"BR 1015","Chain 3/4"
168,"BR 1016","Chain Lock 3/4"
169,"JSS 1216","M6 X 50MM"
170,"JSS 1507","M12 X 35MM"
171,"JSS 1512","M12X55 Half"
172,"JSS 1513","M12 X 60MM HALF"
173,"BR 7090","PTO Shaft Nut"
174,"BR 1024","Sim Waser 3mm"
175,"BR 7019","Joint Hand 20mm RHS"
176,"BR 7031","PTO Joint"
177,"BR 7091","Anabond Silicon Paste"
178,"BR 7092","Anabond Lock Paste"
179,"BR 7087","140 GEAR OIL"
180,"BR 7068","Flange Single 3 Ex 4G LHS"
181,"002 Gear","Assambly 312"
182,"BR 7101","Gear Shaft 4G 2.5f"
183,"JSS 1509","M12 X 40MM"
184,"BR 1046","Renold Offset Link 5/8"
185,"BR 1042","Renold Offset Link 3/4"
186,"BR 1070","Renold Chain 166 Pitch"
187,"SP037 Gear","Oil 140-1ltr"
188,"002 Gear","Assembly 212 4G"
189,"002 HR","Wheel Assembly"
190,"BR 6001","Valve Connecting Lever"
191,"BR 6003","Sprocket 9T"
192,"BR 6004","Spraket Bush"
193,"BR 6006","1/2 Diamond Chain"
194,"BR 6007","Diamond Chain Lock 1/2"
195,"BR 6008","Oil Pressure Tube"
196,"BR 6009","H Nipple"
197,"BR 6010","Siwle Elbow"
198,"BR 6012","Ball Valve"
199,"BR 6015","Valve Block"
200,"BR 6033",MINIPOL
201,"BR 6034",Pump
202,"BR 6035","Presure  Control Spring"
203,"BR 6036","Presure Control Needle"
204,"BR 6090","Hy Pipe"
205,"BR 6089","A Hy Door"
206,"BR 6038","O Ring 13*11"
207,"BR 6039","O Ring 32*36"
208,"BR 6040","O Ring 115 X3"
209,"BR 6025",Switch
210,"BR 6024","Contact Block"
211,"BR 6043","Switch Box"
212,"BR 6031","Wire 1WAY Connector"
213,"BR 6050","OIL BOLT"
214,"BR 6051","OIL AIR FLOW BOLT"
215,"BR 6052","12V DC VALVE"
216,"BR 6060","RUPPER BEADING"
217,"BR 6068","3MM KEY"
218,"BR 6071","BUSH 13.5 ID"
219,"BR 6073","Dowty Waser 1/4"""
220,"BR 6074","Pump Bolt"
221,"BR 6077","Hy.Manual Pin"
222,"BR 6078","Hy.Manual Spring"
223,"BR 6079","Hy.Manual Guider"
224,"BR 6080","Hy.Manual Op.Bar"
225,"BR 6081","Hy.Manual Op.Suport Bar"
226,"BR 6082","Hy.Manual Guider Pin"
227,"BR 6083","Hy.Manual Lever"
228,"BR 6085","Hy.Loading  Rod"
229,"BR 6014",Cylinder
230,"BR 2038","Flange CI"
231,"BR 2043","Oil Tube Clamb"
232,"BR 6088","Earth Clamp"
233,"BR 5013","Scale Lock Spring"
234,"BR 2020","M8 Adj Clamb"
235,"BR 2033","Scale L Lever Rod Adj Rivit M8"
236,"JSS 1381","M8 H. NUT"
237,"JSS 1505","M12 X 30MM"
238,"JSS 1575","M12 X 35MM A"
239,"JSS 1717","M16 X 90MM"
240,"JSS 1322","M8 X 80MM HALF"
241,"BR 6027",POPPET
242,"JSS 1245","M6 X 25MM A"
243,"JSS 1594","M12 H. NUT"
244,"BR 6097","Oil Seal 13.5x27x10"
245,"BR 6049","Oil Tank"
246,"003 Hydralic","Assambly 112"
247,"JSS 3331","M10X10MM Gripscrew"
248,"BR 6019","Renold Hy Chain 62 Pitch"
249,"BR 6020","Renold 1/2"" Connecting Link"
250,"BR 6013","Oil Flow Control Valve"
251,"BR 6084","Hy.Manual Op Lever"
252,"BR 5056","Grease Nipple 75 M6"
253,"BR 6089",Hy.Door
254,"JSS 1239","M6 X 12MM A"
255,"BR6044 2","Way Wire Connector"
256,"BRP 6098","Insulation Tap"
257,"JSS 1121","M5 X 16MM CSK"
258,"JSS 1140","M5 X 35MM A"
259,"JSS 1152","M5 Sunlock Nut"
260,"BR 6072","SPROCKET COLLER"
261,"BR 6099","Plate Waser M14"
262,"BR 6095",Tag
263,"JSS 1388","M8 Plate Waser 2mm"
264,"JSS 3341","M12X20MM Gripscrew"
265,"JSS 3322","M8X8MM Gripscrew"
266,"JSS 1120","M5 X 12MM CSK"
267,"JSS 1363","M8 X 65MM A"
268,"BR 6059","Double Core Wire 1.5"
269,"BR 6094","Engine Oil 20w/40"
270,"BR 8100","B Scale Frame"
271,"003 Hydralic","Assambly 212"
272,"BR 8100","Scale Frame"
273,"BR 5063","Scale Bed 3F"
274,"BR 6105","Cylinder Lock Pin"
275,"BR 7093","Linch Pin"
276,"BR 6026","2Way Wire Connector"
277,"BR 6102","Panel Buzzer PS 30"
278,"BR 6104","Limit Switch"
279,"BR 6053","Hy.Cylinder Tupe"
280,"BR 6054","Hardcrome Rod"
281,"BR 6055","Seal Flange(Piston)"
282,"BR 6056","Hy.Cylinder Flange"
283,"BR 6058","Cylinder Lock Nut"
284,"BR 6061","PU SEAL25X33X6.3"
285,"BR 6062","PU WIPER SEAL 25X33X5.6"
286,"BR 6063","O RING 20X3"
287,"BR 6064","Wear Strip 9.7*2.5"
288,"BR 6066","O RING 45X3"
289,"BR 6101","GLIDER RING 40MM"
290,"BR 6087","Hy.Oil Seal Kit"
291,"BR 6086","Bump Oil Seal Kit"
292,"003 Hydralic","Assambly 312"
293,"BR 6090","A Hy Pipe"
294,"JSS 1717","M16 X 90MM HALF"
295,"003 Hydraulic","Ass 310"
296,"004 HR","CAM Assembly"
297,"BR 5001","Twin Tension Plate"
298,"BR 5002","Twin Tenson Plate Spring"
299,"BR 5003","Twine Guid Roller"
300,"BR 5004","Twin Guid 1 Roll Spring"
301,"BR 5005","Twin Pully Wheel"
302,"BR 5006","Travelling Motor"
303,"BR 5007","Arm 1 CI"
304,"Connecting Lever",
305,"BR 5009","Scale Connecting Lever Lock Bush"
306,"BR 5010","Scale Lock"
307,"BR 5067","Piston Spring K Type"
308,"BR 5012","Scal Opener"
309,"BR 5014","Scale Lock Puller"
310,"BR 5015","Puller L Angle"
311,"BR 5016","Twin Guid U Clamp"
312,"BR 5017","Twin Guid U Clamp Rubber Bed"
313,"BR 5018","Twin Guid Uclamp Bush"
314,"BR 5019","Scale Return Spring"
315,"BR 5020B","Arm 2 Scal 2.5"
316,"BR 5021","Scal Support Bed"
317,"BR 5022","Twin Round Nylon Bush"
318,"BR 5049","Arm 2 Nylon Bush New"
319,"BR 5024","TwinCutter Blade Clamp"
320,"BR 5027","Arm 3"
321,"BR 5028","Arm3 Twin Tenson Plate"
322,"BR 5029","Arm 3 Tenson Plate Spring"
323,"BR 5030","Arm 4"
324,"BR 5031","Arm 4 Spring"
325,"BR 5032","Bearing Bed Nylon"
326,"BR 5047","Bearing Bed Plate 5mm"
327,"BR 5035","Bearing 628 2RS"
328,"BR 5036","Bearing  6301 2RS"
329,"BR 5038","Bearing HF 2520"
330,"BR 5039","Circlip A8"
331,"BR 5040","Towel Pin 5*30"
332,"BR 2084","Adj Bolt 10 x 100"
333,"BR 5050","Twin Guid U Clamp New"
334,"BR 2013","Tension Spring Big 4mm"
335,"BR 2014","Door Lock Lever RHS"
336,"BR 2015","Door Lock Leaver Patta RH"
337,"BR 2016","Door Lock Lever Patta Coller"
338,"BR 2017","Door Lock Lever  Spring"
339,"BR 2018","Door Lock Lever Bed Bush"
340,"BR 2019","Door Lock Lever Rod"
341,"BR 2022","Level Scale"
342,"BR 2023","Level Scale Rod"
343,"BR 2024","Loading Adj U Clamp"
344,"BR 2028","Two Side Bend Rod"
345,"BR 2029","Door Lock Lever LHS"
346,"BR 2030","Scale L Lever"
347,"BR 2035","Arm CI"
348,"BR 2036","Arm Control Spring RHS"
349,"BR 2037","M10 X 60 Adj Bolt"
350,"JSS 1202","M6 X 12MM"
351,"JSS 1206","M6 X 20MM"
352,"JSS 1218","M6 X 60MM"
353,"JSS 1304","M8 X 16MM"
354,"JSS 1317","M8 X 55MM"
355,"JSS 1339","M8 X 20MM CSK"
356,"JSS 1418","M10 X 50MM"
357,"JSS 1448","M10 X 35MM CSK"
358,"BR 2090","Door Lock Lever Patta LH"
359,"JSS M6","Plate Waser"
360,"BR 5044",Blade
361,"BR 5006","G Bearing 6005 2Rs"
362,"BR 8515","Z Cover"
363,"BR 5059","T.Motor Frame"
364,"BR4049 Twine","Guid Nylon Bush"
365,"BR 2056","Circlip A15"
366,"004 Scal","Assambly 212"
367,"BR 5011","Scale Lock Piston Spring"
368,"BR 5020","Arm 2 Scal 3F"
369,"BR 3018","Loader Lock Spring"
370,"BR 5006","H Bearing 6202 2Rs"
371,"BR 2048","Bearing 6203 2 RS Normal"
372,"BR 5006","A Travelling Motorbox"
373,"BR 5006","F T.Motor Back Cover"
374,"BR 7908","Z Cover"
375,"BR 5006","B Worm Gear"
376,"BR 5006","C Worm Main Shaft"
377,"BR 5006","D Worm Gear Shaft"
378,"BR 7012","Oil Seal 16x35x7"
379,"BR 5006","J Oil Dummy 35(6.5)"
380,"BR 5006","O Oil Seal 25*45*10"
381,"BR 6091","O Ring 57x3"
382,"BR 5006","L Circlip B35"
383,"JSS 1320","M8 X 70MM HALF"
384,"JSS 1419","M10 X 55MM"
385,"BR 3426","M8 Plate (Tine) Waser 8x26x3\"
386,"BR 1599","M12 Plate Waser 3mm"
387,"JSS 2084","M20 X 90MM A"
388,"BR 5006","N Oil Bolt"
389,"BR 5062","Grease Nipple M5"
390,"BR 5006","E 6*6 Key"
391,"BR 5060A",Blade
392,"004 Scal","Assambly 312"
393,"BR 5020A","Arm 2 Scal 3.5"
394,"BR 5048","Scale Bed Nylon Bush"
395,"BR 5033","Bearing Bed Plate"
396,"BR 2013A","Tension Spring Big 3mm"
397,"BR 2025","Loading Lever"
398,"004 Scale","Assambly 112"
399,"004 Scale","Assembly 310"
400,"BR 3001A","Pickup Frame 3.5"
401,"BR 3002","Loader LHS Cover"
402,"BR 3003","RH Loader Cover (Cam)"
403,"BR 3004","Right Side Top Cover"
404,"BR 3005","Round Plate"
405,"BR 3006","Bush with Bolt"
406,"BR 3007","Bearing Lock Cup CI"
407,"BR 3008","Bearing Lock Cup 204"
408,"BR 3009A","Loader Shaft 3.5"
409,"BR 3010","Tine Plate"
410,"BR 3011A","Tine Pipe 3.5 F"
411,"BR 3012","Tine Pipe Nylon Bush"
412,"BR 3013",Tine
413,"BR 3014","Cam CI"
414,"BR 3016A","Crop Cover 3.5F"
415,"BR 3017","Rotor Flush"
416,"BR 3019","Clutch Cover Dummy"
417,"BR 3022","Circlip A12"
418,"BR 3027","Loader Cotter Pin 5 x 70"
419,"BR 3028","Loader Lifting Chain"
420,"BR 3029","Bearing CS201 2RS"
421,"BR 3030","Bearing CS204 2RS"
422,"BR 2007","Loader Lock Lever"
423,"BR 2008","Loader Lock Lever Lock"
424,"BR 2009","Loader Lock Lever Rod"
425,"BR 2010","M10 Adj Clamb LT"
426,"BR 2011","M10 Adj Clamb RT"
427,"BR 2012","Loader Lock Lever Rivit M10"
428,"BR 4009","Bearing Lock Cup 205"
429,"BR 3026","Loader Pipe Waser 3mm"
430,"BR4011 Clutch","Chain Small"
431,"JSS 1340","M8 X 25MM CSK"
432,"JSS 1421","M10 X 65MM HALF"
433,"JSS 1417","M10 X 45MM"
434,"BR 4007","Square Bar"
435,"BR 4008","Chain Tighter Bush"
436,"BR 4010","Loader Nut M20"
437,"JSS 1491","M10 H Left Nut"
438,"BR 4000","Clutch Set"
439,"JSS 1353","M8 X 20MM A"
440,"BR 2032","Adj Bolt 10x80"
441,"005 Loader","Ass 310"
442,"005 Loader","Ass 312 4G+"
443,"BR 3040","4G+ Pickup Frame 3F"
444,"BR 3041","4G+ Extra Pickup Pipe"
445,"BR 3042","4G+ Loader Cover RHS"
446,"BR 3043","4G+ Loader Cover LHS"
447,"BR 3044","4G+ Loader Top Cover"
448,"BR 3051","4G+ Crop Cover"
449,"BR 3011","Tine Bar Pipe 3F"
450,"BR 3009","Loader Shaft 3F"
451,"BR 3025","Loader Pipe Waser 2mm"
452,"BR 1006","Triangle Bearing Lock Cup CS205"
453,"BR 3046","4G+ Loader Input Shaft"
454,"BR 3047","4G+ Input Drive Shaft LH"
455,"BR 3048","4G+ Input Drive Shaft RH"
456,"BR 3037","Cam Si"
457,"BR 3045","16MM Thread Rod 115MM"
458,"BR 3049","4G+ Drive Shaft Clamp"
459,"BR 3050","4G+ Drive Shaft Square Bar"
460,"BR 5045","Circlip B-52"
461,"BR 2134","M20 Plate Waser"
462,"JSS 3428","M8 Plate Waser 3mm  8x21x3"
463,"JSS 1898","M16 Half Nut"
464,"BR 4012","Crope Cover Wasar"
465,"BR 4015","Clutch Chain 84 Pitch"
466,"BR 4005","Clutch Spracket"
467,"BR 4006","Brass Bush"
468,"BR 4001","Clutch Lock Plate"
469,"BR 4013","Clutch Spl Bolt 10 x 50"
470,"BR 4002","Clutch Spring"
471,"BR 4014","A Clutch Plate"
472,"BR 2078","Chain Tenson Roller Small 13T"
473,"005 Loader","Assambly 112"
474,"BR 3001B","Pickup Frame 2.5"
475,"BR 3009B","Loader Shaft 2.5F"
476,"BR 3011B","Tine Pipe 2.5 F"
477,"BR 3016B","Crop Cover 2.5"
478,"Cotter Pin",Small
479,"JSS 1421","M10 X 65MM"
480,"M10 X","60 Adj Bolt"
481,"005 Loader","Assambly 212"
482,"BR 3001","Pickup Frame 3"
483,"BR 3016","Crop Cover 3F"
484,"BR 4004","Connecting Spraket"
485,"BR 1050","Renold Clutch Chain 60 Pitch"
486,"BR 5053","Bearing 6303 2RS"
487,"005 Loader","Assambly 312"
488,"005 Loader","Assy 310 4G+"
489,"BR 3040","A 4G+ Pick Up Frame"
490,"BR 3041","A 4G+ Extra Pickup Pipe"
491,"BR 3051","A 4G+ Crop Cover"
492,"JSS 2037","M20 X 200MM"
493,"BR 7901","Logo Back Door 3F"
494,"BR 7902","Tools Box Logo Door"
495,"BR 7903","Door Front LHS"
496,"BR 7904","Door Front RHS"
497,"BR 7905","Door Back LHS"
498,"BR 7906","Door Back RHS"
499,"BR 7907","Twine Stand New"
500,"Dop Cover",RH
501,"Door Top","Cover LH 3F"
502,"BR 5055","A Glass 3.5F"
503,"BR 5054","Glass Frame"
504,"BR 2069","Oil Flow Tank Set"
505,"BR 2068","Counting Machine Set"
506,"BR 2054","Stand Spring"
507,"BR 2058","Door Hinge"
508,"BR 2057","Tools Box Hinge"
509,"BR 2052","Danger Glass"
510,"BR 5046","Glass Rod RH"
511,"JSS 1122","M5 X 20MM CSK"
512,"JSS 1151","M5 Waser"
513,"JSS 1204","M6 X16MM"
514,"006 Door","Assambly 112"
515,"BR 5055","Glass 3F"
516,"BR 2044","Counting Machine"
517,"BR 2045","Counting Machine Frame"
518,"BR 2046","Counting Machine Rod"
519,"BR 2047","Counting Machine Spring"
520,"BRP 2040","Oil Flow Tank"
521,"BR 2041","Oil Tank Stand"
522,"BR 2042","Oil Tank Clamb"
523,"BR 5061","Glass Rod LH"
524,"006 Door","Assambly 212"
525,"BR 2040","Oil Flow Tank"
526,"BR 7910","Side Door Top Cover LH"
527,"BR 7911","Side Door Top Cover RH"
528,"BR 2053","Back Stand"
529,"006 Door","Assambly 312"
530,"BRX 7901","Logo Back Door 3F"
531,"BR 7902","A Tools Box Logo Door"
532,"BRX 7903","Door Front LHS"
533,"BRX 7904","Door Front RHS"
534,"BRX 7905","Door Back LHS"
535,"BRX 7906","Door Back RHS"
536,"BRX 8000","F Frame"
537,"BRX 8000","R Frame"
538,"BR 7908","A Z Cover"
539,"BR 5054","A Glass Frame 3.5 F"
540,"006 Door","Assembly 310"
541,"008 Frame",Assy
542,"008 Gear","Ass 3 Ex-4G"
543,"BR 1035","Bearing Puller Set"
544,"BR 7094","Top Link Pin"
545,"BR 2083","Twin Stand"
546,"BR 1090","SPANER SET"
547,"009 Free",Spares
548,01,
549,"1102 Multi","Gear Box Back Cover"
550,"16mm Drill",Bit
551,"50H-1 R","Chain JRB310 64P+Connecting Link"
552,"50H-1 R","CHAIN JRB 312 40 +1 Connecting Link"
553,"7/16 *","11/4 BSF Bolt"
554,"7/16 BSF","Sunloc Nut"
555,"Acrylic Sheet","2mm x 450 x 327"
556,"Arch Bending","Pipe 20 Square"
557,"ASPA Clear",
558,"Axle Nut","M28 x 1.1/2"""
559,"B 7042","OIL Seal 25-42-10"
560,"B80 Circlip",
561,"BR 1054","Renold Chain 148 Pitch"
562,"BR 1016","Chain Lock Full 3/4"
563,"BR 6002","Renold Hy Chain 64 Pitch"
564,"BR 9035","Tine Wheel Plate"
565,"BR 2061A","Wheel Disk Big"
566,"BR 9022","4mm Roller Cup"
567,"BR 9121","4mm Roller Cup 30 Dia"
568,"BR 8234","Loader Top Cover Cup Big"
569,"BR 8235","Top Cover Cup Small"
570,"BR 1005","Roller Cup 1.6mm (205)"
571,"BR 7018A","Joint Hand 20mm LHS"
572,"BR 7033A","Joint Hand RHS H Assy"
573,"BR 2019","A Door Lock Lever Rod 3.5"
574,"BR 2028","A Two Side Bend Rod 3.5F"
575,"BR 5061","Glass Rod RH"
576,"BR 9030","Loader Pipe 3F"
577,"BR 9030","A Loader Pipe 3.5F"
578,"BR 1610","Front Stand Pipe 33x27x3x565"
579,"BR 8045","Stay Pipe 3F 33 Dia"
580,"BR 8045","A Stay Pipe 3.5F 33 Dia"
581,"BR 9038","Crop Cover Pipe 3F"
582,"BR 9038A","Crop Cover Pipe 3.5F"
583,"BR 9106","Twin Stand Pipe"
584,"BR 9066","Front Stand Pipe"
585,"BR 8044","Back Hydraulic Pipe 931mm"
586,"BR 8044","A Back Hydraulic Pipe 1045mm"
587,"BR 8010","Wheel Base Pipe"
588,"BR 8010","A Wheel Base Pipe 3.5F"
589,"BR 8047","Back Stand Pipe A"
590,"BR 9058","Hand Pipe"
591,"Baler Sensor",Items
592,"BR 1724","Roller Shaft 3F 30.5x1057"
593,"BR 1702","Roller Shaft 25.4 x 1019"
594,"BR 1703","Roller Shaft 25.4 x 993"
595,"BR 1701","A Roller Shaft 30.5 x 1171"
596,"BR 1702","A Roller Shaft 25.4 x 1133"
597,"BR 1703","A Roller Shft 25.4 x 1107"
598,"BR 1707","Wheel Shaft 35 x 346"
599,"BR 1718","PTO Shaft 4G 42 x 217"
600,"BR PTO","Shaft J Type OD42mm x 169mm"
601,"BR 1705","Gear Shaft 25 x 1123"
602,"BR 1705","Gear Shaft Dia 30 x 1126"
603,"BR 1705","A Gear Shaft 30 x 1240"
604,"BR 1704","Loader Shaft 30.5 x 1146"
605,"BR 1704","A Loader Shaft 30.5 x 1262"
606,"BR 2099","Shaping Plate Bolt M8 x 20mm"
607,"BR 1056","4 Step Sprocket 30 Dia"
608,"BC 1001","Blade Plate Assy"
609,"BC 1002","Pto Cover Assy"
610,"BC 1003","Blade Cover Assy"
611,"BC 1004","Frame Full Assy"
612,"BC 1005","Blade Front Cover Assy"
613,"BC 1006","Side Depth Skid"
614,"BC 1007","Blade Cover Back Assy"
615,"BC 1008","Knife Guard Cap"
616,"BC 1101","Stopper Guard"
617,"BC 1102","Lock  Pin"
618,"BC 1103","Hnad Pin"
619,"BC 1104","PTO Shaft"
620,"BC 1106","Top Link Patta B"
621,"BC 1107",Knife
622,"BC 1108","Top Link Patta C"
623,"BC 8215","Round Plate Bush"
624,"BC 9101","Main Frame C-Clamp"
625,"BC 9116","Pto Cover"
626,"BC 9117","Knife Rotary Bush"
627,"BC 9117","Knife Roundary 8 Teeth"
628,"BC 9117","Shaft Bush"
629,"BC 9119","Support Back Frame"
630,"BC 9120","Back Frame"
631,"BC 9122","Knife Guard"
632,"BC 9127","Knife Plate Ring"
633,"JSS 1510","M12 X 45MM"
634,"JSS 1712","M16 X 65MM"
635,"JSS 2008","M20 X 55 MM"
636,"JSS 2009","M20 X 60MM"
637,"BC 9133","Top Link Stay A"
638,"BC 9136","Knife Waser"
639,"BC 9139","Blade Main Cover"
640,"Bearing 21312",NBC
641,"Bearing 22208",NBC
642,"Bearing 32208",NBC
643,"Bearing 32209",NBC
644,"Bearing 32209",Texpin
645,"Bearing 6208",2RS
646,"Bearing 6209",2RS
647,"Bending Machine",
648,"Bending Machine",Tool
649,"BM 8214","Rotary Plate"
650,"BM Left","Side Support Plate"
651,"BMP 1013",Knife
652,"BMP 2501",Blade
653,"BM Rolling","Patta (Vertical)"
654,"BR 9120","Gujet Small"
655,"BR 9002","Main Roller Shaft 3.5F"
656,"BR 1031","Roller Bush Small CS 206"
657,"Roller Pipe",3.5F
658,"BR 9018","Square Stipner 3.5F"
659,"BR 9016","Stipner Small 3.5F"
660,"BR 9003","Main Roller Shaft 2.5F"
661,"BR 9019","Stipner Small 2.5F"
662,"BR 9020","Squre Stiffner 2.5F"
663,"BR 9025","A Roller Bush Big 206"
664,"BR 9012","Roller Pipe 2.5F"
665,"BR 1001","Main Roller 3F(CS 206)"
666,"BR 9001","Main Roller Shaft 3F"
667,"BR 1032","Roller Bush Big 206"
668,"BR 9010","Roller Pipe 3F"
669,"BR 9015","Square Stipner 3F"
670,"BR 9013","Stipner Small 3F"
671,"BR 9005","Center Roller Shaft 3.5F"
672,"BR 9004","Center Roller Shaft 3F"
673,"BR 9023","Big Guasset"
674,"BR 9024","Roller Bush Small Cs 206"
675,"BR 1003A1","Support Plain Roller- 3.5  206"
676,"BR 9008","Support Roller Shaft 3.5F"
677,"BR 9009","Support Roller Shaft 2.5F"
678,"BR 1037","Splines  Roller Bush Big 206"
679,"BR 9007","Support Roller Shaft 3F"
680,"BR 9115","Roller Bush Big 30 DIA (SPLINES)"
681,"BR 9110","Support Roller Shaft Dia30mm 3F"
682,"BR 1003","Support Roller 30 Dia 3F"
683,"BR 1007","Roller Bush Small (205)"
684,"BR 1008","Roller Bush Big (205)"
685,"BR 1010","Bush 8mm"
686,"BR 1012","Chain Sprocket 1step 18T"
687,"BR 1013","Door Joint CI Bearing Fit CS 205"
688,"BR1017 Alter","Nut M16 Flange Nut"
689,"BR 1017","Roller Flange Nut M16"
690,"BR 1020","Sim Waser 0.5mm"
691,"BR 1028","4 Step Spracket 3/4 25 Dia"
692,"BR 1036","Splines  Roller Bush Small 206"
693,"BR 1038","Roller Cup Set 22206"
694,"BR 1039","Diamond Chain Lock Half 5/8 Heavy"
695,"BR 1043","Renold Connecting Link Full 3/4"
696,"BR 1044","Main Roller 30 Full Set 3F"
697,"BR 1088","3 Step Sprocket 3/4 30dia"
698,"BR 1047","Rolon R50H Connecting Link"
699,"BR 1048","Diamond Chain Lock 5/8 Heavy"
700,"BR 1050","Rolon R50 H Chain - 60 Pitches + 1 SCRL"
701,"BR 9116","Main Roller Shaft 3F 30 DIA"
702,"BRP 9125","Roller Bush 30 Dia L13mm"
703,"BR 1053","Main Roller30 Dia 3.5F"
704,"BR 9117","Main Roller Shaft 3.5F 30 DIA"
705,"BR 9011A","Roller Pipe 3.5"
706,"BR 1055","Renold 5/8 Chain Box"
707,"BR 1060","Main Roller - 3F (Cs 205)"
708,"BR 1061","Main Roller 3.5F 205"
709,"BR1062 Main","Roller 3F W/O Bush"
710,"BR 1063","Main Roller 3.5F Without Bush"
711,"BR 1064","Main Roller 2.5F 205"
712,"BR 1065","Center Roller - 3F 205"
713,"BR 1066","Center Roller - 3F Without Bush"
714,"BR 1067","Center Roller-3.5F Without Bush"
715,"BR 1068","Support Plain Roller-3F 205"
716,"BR 1069","Diamond Chain 5/8 Heavy"
717,"BR 1072","Renold Chain 136 Pitch"
718,"BR1074 Support","Roller-3F 205
"
719,"BR1075 Support","Roller-3F W/O Bush"
720,"BR1076 Support","Plain Roller 2.5F 205"
721,"BR 1501","A 1mm Sheet 10x5"
722,"BR 1502","1.2mm Sheet 8x4"
723,"BR 1511","10mm Sheet 8x4"
724,"BR 1601A","Roller Pipe 140 X 1.8 X 6.200mtr"
725,"BR 1601","C Roller Pipe 125x2.6x6.45mtr"
726,"BR 1601","Roller Pipe 140X1.8X6.45mtr"
727,"BR 1603","B Hy.Pipe 50x40x5"
728,"BR 1604","A Sqrure Pipe 40x40x4"
729,"BR 1604","B Squre Pipe 40x40x4"
730,"BR 1604","Squre Pipe 40x40x4"
731,"BR 1605","A Stay Pipe 33x27x3"
732,"BR 1605","B Stay Pipe 33x27x3"
733,"BR 1606","A Crop Cover Pipe 21x15x3"
734,"BR 1613",OD16XID10
735,"BR 1701","Roller Shaft 25.4 x 1057"
736,"BR 1703","B Roller Shaft 25.4 x 765"
737,"BR 1731","Rod 25.4mm"
738,"BR1732 Rod",30mm
739,"BR 1738","End Bit 25.4mm"
740,"BR 1739","End Bit 30.5mm"
741,"BR 1739","END BIT 35MM"
742,"BR 1747","Arm 4 Patta 32 x 12 x 70mm"
743,"BR 1802","Green Paint"
744,"BR 1803","Black Paint"
745,"BR 1875","Small Rotavator"
746,"BR 1881","Mulching Unit"
747,"BR 1882","Mobile Stand"
748,"BR 1889","Loading Patta"
749,"BR 1891","MS Materials"
750,"BR 1893","Bolt Nut"
751,"BR 1900","Mobile Stand Plate"
752,"BR 1918","Leather Gloves"
753,"BR 1921",Thinner
754,"BR 1951","Puller Bolt"
755,"BR 1959","Spray Jaysan Green VT"
756,"BR 1960","Spray Jaysan Orange VT"
757,"BR 1966","Polythene Cover"
758,"BR 1977","Belt Pully 3"" x 2B"
759,"BR 1978","Belt Pully 14"" x 2B"
760,"BR 2001","Chain Tension Roller Small"
761,"BR 2002","Chain Tenson Rollar Big"
762,"BR 9100","Loader Lock Lever Bush"
763,"BR 9044","Chain Adj Big Top Laser Piece"
764,"BR 9043","Chain Adj Big Bottom Laser Piece"
765,"BR 9046","Chain Adj Lever Pin"
766,"BR 9098","Loader Lock Lever Laser Piece"
767,"BR 9099","12mm Rod"
768,"BR 9061","Door Lock Patta Laser Pcs RHS"
769,"BR 9062","Door Lock Patta Bush"
770,"BR 9068","A Door Lock Lever Adj Rod 3.5 F"
771,"BR 9067","Door Lock Laser Piece"
772,"BR 9068","Door Lock Lever Adj Rod"
773,"BR 9047","Chain Adj Small Laser Piece"
774,"BR 2026","Loading Lever Rod"
775,"BR 2027","Loading Hy Lever"
776,"BR 9103","Door Lock Patta Laser Pcs LHS"
777,"BR 9097","Scale L Lever Laser Plate"
778,"BR 9091","Scale Lock Bush"
779,"BR 2031","Scale L Lever Rod Big"
780,"BR 2034","Arm Control Spring LHS 26T"
781,"BR 9052","Oil Flow Stand"
782,"BR 9048","C.Machine Logo Plate"
783,"BR 9049","C.Machine Bottom Plate"
784,"BR 9050","C.Machine Rod"
785,"BR 9051","C.Machine Rod Bush"
786,"BR 2051","Tools Box Nylon Bush"
787,"BR 9063","Back Stand Pipe"
788,"BR 8037","Loader Chain Locker"
789,"BR 2055","A Front Stand"
790,"BR 9065","Waser D80"
791,"BR 8063","Tools Door Lock Hinge A"
792,"BR 8058","Tools Door Lock Hinge B"
793,"BR 2059A","Tyre Big 650x8"
794,"BR 2060","A Wheel Tube Big"
795,"BR 8569","Wheel Disc Cup RH"
796,"BR 8570","Wheel Disc Cup LH"
797,"BR 9119","Wheel Disc Bush"
798,"BR 2063","A Wheel Shaft 3.5F"
799,"BR 2064","Wheel Cup"
800,"BR 2066","Door Lock Nut"
801,"JSS1097 M4x10",
802,"JSS1100 M4x15",
803,"JSS 1098","M4 H NUT"
804,"BR 2042","Oil Tank Clamp"
805,"BR 2071","A-9 CIRCLIP"
806,"BR 2075","Ringe Pin"
807,"BR 2077","Chain Tenson Roller Big Ass"
808,"BR 2079","Chain Adj Leaver Small Ass"
809,"BR 2081","Loader Lock Rod Assy"
810,"BR 2082","Bearing 6302 2RS"
811,"BR 9069","Twine Stand Pipe"
812,"JSS 1489","M10 H. WELD NUT"
813,"BR 2087","Bearing 6311 2RS"
814,"BR 2089","Door Lock Lever Bed Bush New"
815,"BR 2092","Chain Tension Roller Small 6303 3/4"
816,"BR 2093","M20 Hex Nut"
817,"BR 2095","Titer Pin Waser 20x30x2"
818,"BR 2097","Chain Tension Roller Big 6203 3/4"
819,"BR 3000","A Loader Assembly 3.5F"
820,"BR 3000","Loader Assembly 4G 3F"
821,"BR 8241","A Pickup Frame Main Plate"
822,"BR 8243","Side Plate LH"
823,"BR 8242","Side Plate RH"
824,"BR 8244","A Pickup Frame Center Plate 2mm"
825,"JSS 1384","M8 WELD NUT"
826,"BR 8241","B Pickup Frame Main Plate"
827,"BR 8244","B Pickup Frame Center Plate 2mm"
828,"BR 8241","Pickup Frame Main Plate"
829,"BR 8244","Pickup Frame Center Plate 2mm"
830,"BR 8221","LH Cover Main Plate"
831,"BR 8224","Waser M10 Drill"
832,"BR 8212","RH Cover Support Plate Big"
833,"BR 8213","RH Cover Support Plate Small"
834,"BR 8262","A 4G+ Loader Cover Side Support Rib"
835,"BR 8225","LH Loader Cover Adj Coller"
836,"BR 8222","LH Loader Cover Rolling Plate"
837,"BR 8223","LH Loader Cover Leaf"
838,"BR 8217","Loader Cover Spring Plate"
839,"BR 8227","Loaeer Cover Leaf Stay Patta"
840,"BR 8226","Loader Top Cover Patta"
841,"JSS 1270","H M6 Weld Nut"
842,"BR 8211","RH Cover Main Plate"
843,"BR 8214","RH Cover Rolling Plate"
844,"BR 8218","Waser M8 Drill"
845,"BR 8231","Top Cover Main Plate"
846,"BR 8232","Top Cover Support Bend Piece Big"
847,"BR 8233","Top Cover Bend Support Plate Small"
848,"BR 9037","Tine Wheel Plate Pipe Bush"
849,"BR 8097","Tine Wheel Plate Support"
850,"BR 9036","Tine Plate Shaft Bush"
851,"BR 9033","Loader Pipe Bearing Bed"
852,"BR 9034","Tine Bar Pipe Pin"
853,"BR 9030","B Loader Pipe 2.5F"
854,"BR 9041","12mm  Crop Cover Rod"
855,"BR 9042","Crop Cover L Plate"
856,"BR 9038B","Crop Cover Pipe 2.5F"
857,"BR 30206",BEARING
858,"BR 3020","Loader Bush Waser 2mm"
859,"BR 3021","Loader Bush Waser 8mm"
860,"BR 3023","LOader Bush Waser 7mm"
861,"BR 3031","Bush with Bolt K Type"
862,"BR 3032","Circlip A15"
863,"BR 3034","Loader Bush Waser 3mm"
864,"BR 3038","Circlip Set"
865,"BR 8246","4G+ Pickup Frame Main Plate"
866,"BR 8247","4G+ Pickup Frame Back Plate"
867,"BR 8248","4G+ Pickup Frame Center Plate 2mm"
868,"BR 8249","4G+ Pickup Frame Side Plate LH"
869,"BR 8250","4G+ Pickup Frame Side Plate RHS"
870,"BR 8251","4G+Pickup Frame Connecting Pcs"
871,"BR 8246","A 4G+ Pickup Frame Main Plate"
872,"BR 8247","A 4G+ Pickup Frame Back Plate"
873,"BR 8248","A 4G+ Pickup Frame Center Plate 2mm"
874,"BR 3040","B 4G+ Pick Up Frame
"
875,"BR 8246","B 4G+ Pickup Frame Main Plate"
876,"BR 8247","B 4G+ Pickup Frame Back Plate"
877,"BR 8248","B 4G+ Pickup Frame Center Plate 2MM"
878,"BR 8252","4G+ Extra Loading Pipe"
879,"BR 8253","4G+ Extra Loading Pipe Bush"
880,"BR 8254","4G+ Extra Loading Pipe Clamp"
881,"BR 8255","4G+ Extra Loading Pipe Spike Pcs"
882,"BR 8252","A 4G+ Extra Loading Pipe"
883,"BR 3041","B 4G+ Extra Pickup Pipe"
884,"BR 8252B","4G+ Extra Loading Pipe"
885,"BR 8256","4G+ Loader Main Plate RHS"
886,"BR 8257","4G+ Loader Cover Support Pcs Big"
887,"BR 8258","4G+ Loader Cover Pcs Small"
888,"BR 8259","4G+ Loader Cover Rolling Pcs RHS"
889,"BR 8260","4G+ Loader Cover Leaf RHS"
890,"BR 8261","4G+ Loader Cover Spring Plate"
891,"BR 8263","4G+ Loader Cover Main Plate LHS"
892,"BR 8264","4G+ Loader Cover Rolling Pcs LHS"
893,"BR 8265","4G+ Loader Cover Leaf LHS"
894,"BR 8266","4G+ Loader Top Cover Main Plate"
895,"BR 8267","4G+ Loader Top Cover Support Bend Plate Big"
896,"BR 8268","4G+ Loader Top Cover Support Bend Pcs Small"
897,"BR 3046A","4G+ Loader Input Shaft 
"
898,"BR 3046","Loader Input Shaft 4g+"
899,"BR 3051","B Crop Cover 4G+"
900,"BR 3423","Plate Washer M6x16x1mm"
901,"BR 3424","Plate Waser M6x16x1.6mm"
902,"BR 3425","Plate Washer M16x33x3mm"
903,"BR 4003","Clutch Plate"
904,"BR 4011","Clutch Lock Bolt"
905,"BR 5006","I Oil Seal 15*42*7"
906,"BR 5006","K Oil Dummy 42"
907,"BR 5006","K Oil Dummy 42(6.5)"
908,"BR 5006","M O-Ring 62*67"
909,"BR 5008","Scale Connecting Lever"
910,"BR 9088","Earth Connector"
911,"BR 9089","Arm 1 Scal Connecting Lever Bush"
912,"BR 9090","Scale Lock Plate"
913,"BR 9092","Scale Opener Small Plate"
914,"BR 9093","Scale Opener Laser Piece Big"
915,"BR 9094","Scale Opener Said Support Laser Pices"
916,"BR 9095","Scale Puller Laser Plate"
917,"BR 9096","Scale Puller Rod"
918,"BR 8116","Twine Guider Plate"
919,"BR 9107","Twine Guid U Clamp Rod"
920,"BR 9076","Arm 2 Scale Pin B"
921,"BR 9070A","Scale Laser Piece 3.5F"
922,"BR 9077","Arm 2 Scale Bush"
923,"BR 9075","Arm 2 Scale Pin A"
924,"BR 9074","M8 Welding Rivit Small"
925,"BR 9073","M10 Welding Rivit Big"
926,"BR 9101","Glass Rod Bush"
927,"BR 9070","Scale Laser Piece 3F"
928,"BR 9070B","Scale Laser Piece 2.5F"
929,"BR 9086","Scale Support Bending Plate"
930,"BR 9087","Scale Support Bending Palte Bush"
931,"BR 5023","Twin Guid Spring"
932,"BR 5025","Buzzer Switch Clamb"
933,"BR 5026","Scale Viber Rubber Bed"
934,"BR 9081","Arm 3 Main Plate"
935,"BR 9080","Arm 3 Scale End Two Hole Plate"
936,"BR 9078","Arm 3 Scale End Pin"
937,"BR 9079","Arm 3 Scale End Guide Plate"
938,"BR 9082","Arm Twin Tension Laser Plate"
939,"BR 8121","M6 Rivit Welding"
940,"JSS 1208","M6 X 25MM"
941,"BR 9084","Arm 4 Bar"
942,"BR 9085","Arm 4 Bar Pin"
943,"BR 5034","Arm 3 Scale End Set"
944,"BR 5037","Oil Seal 25x45x10"
945,"BR 5041","Towel Pin 6*40"
946,"BR 5043","M10*60mm Adj Bolt"
947,"BR 5051","Galss Frame Set"
948,"BR 5052","Twine Guide Clamb Set"
949,"BR 9122","A Glass Frame Laser Pcs 3.5 F"
950,"BR 5054","B Glass Frame 2.5F"
951,"BR 9122","Glass Frame Laser Pices 3F"
952,"BR 5057",Knife
953,"BR 5058","Jute Twine"
954,"BR 5058","Twin Stand Assembly"
955,"BR 5059","A T Motor Frame Alter"
956,"BR 5060","A SS Blade"
957,"BR 5063","A Scale Bed 3.5F"
958,"BR 8102","Scale Support Plate RH"
959,"BR 8103","Scale Support Plate LH"
960,"BR 8105","Arm 2 Scal Stoper Pcs"
961,"BR 8101","A Scale Frame Plate"
962,"BR 8104","Knif Bed Pcs"
963,"JSS 1341","M8 X 30MM CSK"
964,"BR 5063","B Scale Bed 2.5F"
965,"BR 8101","Scale Frame Plate"
966,"BR5064A 8/10","POLY MILL CONE"
967,"BR 5064",Twine
968,"BR 5065","Arm 3 Twin Tension Plate Set"
969,"BR 5066","Scale Lock K Type"
970,"BR 6011",Reduser
971,"BR 6016","Spool Lock Cup"
972,"BR 6017","Handle  Hinge"
973,"BR 6018","Oilseal 35x47x10"
974,"BR 6021","Renold 1/2"" Offset Connecting Link"
975,"BR 6022","A Oil Pressure Tube"
976,"BR 6023","Ball Valve 1/4"""
977,"BR6028 PUMP","TOP CASE"
978,"BR 6029","PUMP BOTTOM CASE"
979,"BR 6030",PINION
980,"BR 6032","VALVE BLOCK 2ND"
981,"BR 6037","OIL SEAL 13X22X7"
982,"BR 6038","O Ring 13x11"
983,"BR 6041","Oil Seal 15*25*7"
984,"BR 6042",Bend
985,"BR 6045",Plug
986,"BR 6046","Reverse Horn"
987,"BR 6047","Horn Switch"
988,"BR 6048",Sleeve
989,"BR 9126","Oil Tank Cup"
990,"BR 9054","Oil Tank Nut Small"
991,"BR 9055","Hy.Tank Nut Big"
992,"BR 9026","Honic Tube"
993,"BR 9029","1/4"" Bsp Cuppling"
994,"BR 9028","Cylinder End Bush"
995,"BR 9027","Cylinder Head"
996,"BR 6057","End Bush"
997,"BR 6065","Wear Strip 5.6*2.5"
998,"BR 6067","Glider 40 Dia"
999,"BR 6069","4MM KEY"
1000,"BR 6070","END CAP"
1001,"BR 6075","Power Pack Set"
1002,"BR 6076","Menuvel Type Alter Kit"
1003,"BR 6085A","Hy.Loading  Rod"
1004,"BR 6106","Wear Strip 5.6*2.5"
1005,"BR 6089","A Hydraulic Cover 3.5F Assy"
1006,"BR 6089","B Hy Door"
1007,"BR 8041","A Hydraulic Cylinder Pipe"
1008,"BR 8043","Hydraulic Pipe Stopper"
1009,"BR 8042","Hydraulic Pipe Bat Plate"
1010,"BR 6090","B Hy Pipe"
1011,"BR 8041","B Hydraulic Cylinder Pipe"
1012,"BR 8041","Hydraulic Cylinder Pipe"
1013,"BR 6092","Chain Lock Half 1/2"
1014,"BR 6093","O Ring 11x3"
1015,"BR 6096","Oilseal 45x75x10"
1016,"BR 7006","A Gear Flange Small"
1017,"BR 7006","B Gear Flanch Big 2.5 F"
1018,"BR 7006","C Gear Box Flanch Small 2.5 F"
1019,"BR 7006","D Gear Box Flanch 3.5 F"
1020,"BR 7006","E Housing 3G"
1021,"BR 7006","Gear Flange Big"
1022,"BR 7007","Closed Flange Small"
1023,"BR 7008","A Gear Shaft 3.5"
1024,"BR 7008","B Gear Shaft 2.5"
1025,"BR 7011","PTO Shaft K Type"
1026,"BR 7014A","Joint Hand LHS 16mm"
1027,"BR 9057","Hand Leaser Plate LH 16mm"
1028,"BR 9102","Hand Stay 8mm"
1029,"BR 9053","Hand Stay Pcs 10mm"
1030,"BR 9060","Hand Bush Small"
1031,"BR 7015","Joint Hand RHS 16mm"
1032,"BR 9056","Hand Leaser  Plate RH 16mm"
1033,"BR 7016","Joint Hand RHS CI"
1034,"BR 7017","Joint Hand LHS CI"
1035,"BR 9113","Hand Laser Plate LH 20 mm"
1036,"BR 9059","Hand Bush Big"
1037,"BR 7019A","Joint Hand 20mm RHS"
1038,"BR 9112","Hand Laser Plate RH 20mm"
1039,"BRP 9053","Hand Stay Pcs 12mm"
1040,"BR 7021","Bevel Set 22T&12T"
1041,"BR 7028","A Spracket 3/4 3G"
1042,"BR 7028","Spraket 20 T"
1043,"BR 7031","PTO Joint Pipe"
1044,"BR 7032","Joint Hand LHS Set"
1045,"BR 7040","Bearing 6207 2RS"
1046,"BR 7044","Circlip B 62"
1047,"BR 7045","Circlip A60"
1048,"BR 7046","A-30 CIRCLIP"
1049,"BR 7053","Hand Set"
1050,"BR 7054","Gear Box Flange Set"
1051,"BR 7056","Spracket 20T"
1052,"BR 7058","Bearing 6306 2RS"
1053,"BR 7059","Bearing 6309 NBC"
1054,"BR 7061","B Gear Box Flange Single 2.5 Ex 4G RHS"
1055,"BR 7062","A Gear Box Set 3.5"
1056,"BR 7062","B Gear Box Set 2.5"
1057,"BR 7062","Gear Box Set 3"
1058,"BR 7063",Packing
1059,"BR 7066","Beval Gear Set K Type"
1060,"BR 7067","4G Gear Box Set 3F"
1061,"BR 7067","A Gear Box Set 3.5 F"
1062,"BR 7067","B Gear Box Set 4G 2.5 F"
1063,"BR 7068","A Flange Single 3.5 Ex 4G LHS"
1064,"BR 7069","B Gear Shoft Ex 4G 2.5"
1065,"BR 7069","Gear Shaft EX-4G"
1066,"BR 7072","Helical Gear 22 T"
1067,"BR 7073","Helical 12 T"
1068,"BR 7076","Gear Box Set 3.5"
1069,"BR 7080","Bearing 30207 2RS SKF"
1070,"BR 7080","Bearing 30207 NBC"
1071,"BR 7082","Bearing 32207 NBC"
1072,"BR 7083","Bearing 30208 NBC"
1073,"BR 7086","Houseing Set Ex 4G"
1074,"BR 7088",Grease
1075,"BR 7097","Circlip Set"
1076,"BR 7098","A Gear Box PTO Washer"
1077,"BR 7098","Gear Box Washer"
1078,"BR 7099","Sim Waser 30 Dia"
1079,"BR 7100","One Way PTO Joint"
1080,"BR 7103","Linch Pin Small"
1081,"BR 7104","Sensor Plate"
1082,"BR 8501","A Logo Door Big Back"
1083,"BR 8513","Logo Colsing Plate Big"
1084,"BR 7901","A Logo Back Door 3.5F"
1085,"BR 7901","B Logo Back Door 2.5F"
1086,"BR 8501","B Logo Door Big Back"
1087,"BR 8501","Logo Door Big Back"
1088,"BR 8502","A Logo Door Small Front"
1089,"BR 8514","Logo Closeing Plate Small"
1090,"BR 8059","Tools Door Lock"
1091,"BR 7902","B Tools Box Logo Door"
1092,"BR 8502","B Logo Door Small Front"
1093,"BR 8502","Logo Door Small Front"
1094,"BR 8060","Tools Door Lock Pin"
1095,"BR 8503","Side Door Front LHS"
1096,"BR 8507","Door Support Front LHS"
1097,"BR 8504","Side Door Front RHS"
1098,"BR 8508","Door Support Front RHS"
1099,"BR 8505","Side Door Back LHS"
1100,"BR 8509","Door Support Back LHS"
1101,"BR 8506","Side Door Back RHS"
1102,"BR 8510","Door Support Back RHS"
1103,"BR 9123","Twine Stand Waser Big"
1104,"BR 9104","Twin Stand Bending Plate"
1105,"BR 9105","Twin Stand Laser Plate"
1106,"BR 7912","A Tools Box Cover"
1107,"BR 7912","B Tools Box Cover"
1108,"BR 7912","Tools Box Cover"
1109,"BR 8001","Front Frame RH"
1110,"BR 8002","Front Frame LH"
1111,"BR 8005","Supporting Plate 4mm RH"
1112,"BR 8013","Front Tighter Support Plate RH"
1113,"BR 8007","Wheel Base Plate RH"
1114,"BR 8006","Supporting Plate 4mm LH"
1115,"BR 8014","Front Tighter Support Plate LH"
1116,"BR 8008","Wheel Base Plate LH"
1117,"BR 8031","Tools Box"
1118,"BR 8039","Frame Center Plate"
1119,"BR 8032","Tools Box Square Plate"
1120,"BR 8033","Center Hand Plate"
1121,"BR 8025","Door Lock Guider LH"
1122,"BR 8024","Door Lock Guider RH"
1123,"BR 8053","Door Lock Lever Pin"
1124,"BR 8051","Front Chain Adj Lever Pin"
1125,"BR 8052","Back Chain Adj Lever Pin"
1126,"BR 8054","Loader Lock Lever Pin"
1127,"BR 8009","Wheel Base Support Plate"
1128,"BR 8023","Front Spring L Plate"
1129,"BR 8026","Hydraulic Bed"
1130,"BR 8049","Chain Adj Pin Small"
1131,"BR 8022","Front L Plate"
1132,"BR 8034","Tools Center Support Plate RH"
1133,"BR 8035","Tools Center Support Plate LH"
1134,"BR 8036","Tools Box L Angle"
1135,"BR 8038","Loading Lever Bed"
1136,"BR 8057","Frame Center Plate Half Ring"
1137,"BR 8027","Loader Adjust Plate"
1138,"BR 8047","Back Stand Plate"
1139,"BR 8056","Side Door Patta"
1140,"BR 8055","Loader Nut"
1141,"BR 8062","Chain Adj Bend Plate 4G"
1142,"BR 8061","Chain Adj Plate 4G"
1143,"BR 8064","Chain Adj Bush New 4G Big"
1144,"BR 8065","Chain Adj Bush New 4G Samll"
1145,"JSS 1597","M12 H. WELD NUT"
1146,"BR 8000","F Frame 2.5"
1147,"BR 8003","Back Frame RH Plate"
1148,"BR 8004","Back Frame LH Plate"
1149,"BR 8011","Center Open Joint Plate RH"
1150,"BR 8012","Center Open Joint Plate LH"
1151,"BR 8015","Back Tighter Support Plate"
1152,"BR 8016","Door Z-Piece RH"
1153,"BR 8017","Door Z-Piece LH"
1154,"BR 8020","Back Door Lock Piece"
1155,"BR 8021","Back Tighter Support L-Plate"
1156,"BR 8028","Back Corner Plate"
1157,"BR 8046","Square Tube"
1158,"BR 8048","Center Open Joint Plate Chain Adj Bar"
1159,"BR 8000","R Frame 2.5"
1160,"BR 8018","Front Door Lock Piece RH"
1161,"BR 8019","Front Door Lock Piece LH"
1162,"BR 8028","A Back Corner Plate"
1163,"BR 8031","A Tools Box"
1164,"BR 8036","A Toolsbox L Angle 3.5f"
1165,"BR 8039","A Frame Center Plate 3.5F"
1166,"BR 8040","A Hydraulic Pipe 3.5"
1167,"BR 8040","B Hydraulic Pipe 2.5"
1168,"BR 8040","Hydraulic Pipe 3F"
1169,"BR 8044","B Back Hydraulic Pipe 703mm"
1170,"BR 8045","B Stay Pipe 2.5F 33 Dia"
1171,"BR 8050","Chain Adj Pin Big"
1172,"BR 8085","Chain Adj Bush A 4G"
1173,"BR 8086","Chain Adj Bush B 4G"
1174,"BR 8100","A Scale Frame"
1175,"BR 8101","B Scale Frame Plate"
1176,"BR 8112","T.Motor Frame A"
1177,"BR 8113","T.Motor Frame B"
1178,"BR 8114","T.Motor L Plate"
1179,"BR 8115","T.Motor Angle Plate"
1180,"BR 8117","Twin Guider U Plate"
1181,"BR 8118","T.Motor Pin S"
1182,"BR 8119","T.Motor Pin M"
1183,"BR 8120","T.Motor Pin B"
1184,"BR 8215","RH Loader Cover Leaf"
1185,"BR 8216","L Rolling"
1186,"BR 8219","Chain Coller"
1187,"BR 8245","Loader Cover Top U Clamp"
1188,"BR 8249","A 4G+ Pickup Frame Side Plate LH"
1189,"BR 8250","A 4G+ Pickup Frame Side Plate RHS"
1190,"BR 8251","A 4G+Pickup Frame Connecting Pcs"
1191,"BR 8500","Side Door Front LH"
1192,"BR 8520","Side Door Back LH"
1193,"BR 8530","Side Door Back RH"
1194,"BR 8540","Side Door Top Cover RH Assy"
1195,"BR 8541","Side Door Top Cover LH Assy"
1196,"BR 8563","Logo Door Bend Closing Pcs"
1197,"BR 8564","A Back Frame Support Laser Plate"
1198,"BR 8564","Back Frame Support Laser Plate"
1199,"BR 8565","Back Frame Corner Support Pcs"
1200,"BR 8568","Loader Chain"
1201,"BR 8888","Baler Spring"
1202,"BR 9006","Center Roller Shaft 2.5F"
1203,"BR 9008","A Small Shaft"
1204,"BR 9014","Stipner Big 3F"
1205,"BR 9017","Stipner Big 3.5F"
1206,"BR 9021","Square Stipner 2.5F"
1207,"BR 9024","A Roller Bush Small 206"
1208,"BR 9025","Roller Bush Big Cs206"
1209,"BR 9032","Loader Pipe 2.5F"
1210,"BR 9045","Chain Adj Lever Bush"
1211,"BR 9054","Hy.Tank Nut Small"
1212,"BR 9064","Chain Coller"
1213,"BR 9083","M6 Welding Rivit"
1214,"BR 9088","Arm1 Scal Connecting Lever Plate"
1215,"BR 9108","Oil Tank Stand Bush"
1216,"BR 9109","Glass Frame Bush"
1217,"BR 9111","Tools Box Hing Plate Small New"
1218,"BR 9124","Glass Frame Laser Pcs 2.5 F"
1219,"BR 9127","Cutbit 1.2mm x 295 x 565"
1220,"BRP 1019","Bearing CS205 2RS NAM"
1221,"BRP 1030","Bearing Cs206 Nam"
1222,"BRP 1042","Renold Offset Link 3/4"
1223,"BRP 1043","Renold Connecting Link Full 3/4"
1224,"BRP 1386","Plate Washer M8x25x3MM"
1225,"BRP 1599","M12 Plate Waser"
1226,"BRP 1619","MS  Round Pipe OD40 x ID30"
1227,"BRP 1806","Baler Name Plate"
1228,"BRP 1959","Spray Jaysan Green VT"
1229,"BRP 2018","Door Lock Lever Bed Bush"
1230,"BRP 2035","ARM CI"
1231,"BRP 2057","Tools Box Hinge"
1232,"BRP 2059A","Tyre Big"
1233,"BRP 2061A","Wheel Disk Big"
1234,"BRP 3029","Bearing Cs201 2RS"
1235,"BRP 3426","M8 Plate(Tine)Waser 8x26x3"
1236,"BRP 4003","Clutch Plate"
1237,"BRP 4004","Connecting Spracket"
1238,"BRP 4005","Clutch Spracket"
1239,"BRP 4006","Brass Bush"
1240,"BRP 4010","Loader Nut M20"
1241,"BRP 4014","A Clutch Plate"
1242,"BRP 4049","Twine Guide Nylon Bush"
1243,"BRP 6064","WEAR STRIP 9.7X2.5"
1244,"BRP 6106","Wear Strip 5.6x2.5"
1245,"BRP 7034","Hand Pin EN8 OD35mm  x 153mm"
1246,"BRP 7044","Circlip B 72"
1247,"BRP 7061","Flange Single 3 EX 4g"
1248,"BR Puller",Nut
1249,"BRX 7901","A Logo Back Door 3.5F"
1250,"BRX 8501","B Logo Back Door 2.5F"
1251,"BRX 8501","Logo Back Door 3F"
1252,"BRX 7902","A Logo Front Door 3.5F"
1253,"BRX 8502","A Logo Front Door Small 3.5F"
1254,"BRX 8502","Logo Front Door Small 3F"
1255,"BRX 7902","B Logo Front Door 2.5F"
1256,"BRX 8502","B Logo Front Door Small 2.5F"
1257,"BRX 7902","Logo Front Door 3F Assy"
1258,"BRX 8503","Side Door Front LHS 3.5F"
1259,"BRX 8507","Door Support Front LHS 3.5F"
1260,"BRX 8504","Side Door Front RHS 3.5F"
1261,"BRX 8508","Door Support Front RHS 3.5F"
1262,"BRX 8505","Side Door Back LHS 3.5F"
1263,"BRX 8509","Door Support Back LHS 3.5F"
1264,"BRX 8506","Side Door Back RHS"
1265,"BRX 8510","Door Support Back RHS 3.5F"
1266,"BRX 8001","Front Frame Plate RH 3.5F"
1267,"BRX 8002","FRONT FRAME PLATE LH 3.5F"
1268,"BRX 8005","Supporting Plate RH 3.5F"
1269,"BRX 8013","Front Tighter Support Plate RH 3.5F"
1270,"BRX 8007","Wheel Base Plate RH 3.5F"
1271,"BRX 8006","Suppporting Plate LH 3.5F"
1272,"BRX 8014","Front Tighter Support Plate RH 3.5F"
1273,"BRX 8008","Wheel Base Plate LH 3.5F"
1274,"BRX 8009","Wheel Base Suppporting Plate RH 3.5F"
1275,"BRX 8010","Wheel Base Supporting Plate LH 3.5F"
1276,"BRX 8003","Back Frame Plate RH 3.5F"
1277,"BRX 8004","Back Frame Plate LH 3.5F"
1278,"BRX 8011","Center Open Join Plate RH 3.5F"
1279,"BRX 8012","Center Open Join Plate LH 3.5F"
1280,"BR 8095","Back Door Hydraulic Bed Plate"
1281,"BRX 8515","Z Cover 3.5F Assy"
1282,"CAT 3.0","Reverse Forward Rotavetor"
1283,"CC 1001","Crop Inlet Tray"
1284,"CC 1025",Cover
1285,"CC 1101","Outlet Sheild"
1286,"CC 1102","Outlet Chaff Holder"
1287,"CC 1103","Main Cover Big"
1288,"CC 1104",Blade
1289,"CC 1105","Blade Mate"
1290,"CC 1106","Spring Clamping Pin"
1291,"CC 1107","Straw Chomb A"
1292,"CC 1108","Straw Chomb B"
1293,"CC 1109","Chomb B Clamp"
1294,"CC 1110","Adjuster Square Rod"
1295,"CC 1111","Roller Adjuster Clamp"
1296,"CC 1112","Roller A"
1297,"CC 1113","Roller B"
1298,"CC 1114","Roller Shaft A"
1299,"CC 1115","Roller Shaft B"
1300,"CC 1116","Roller Cup Clamp"
1301,"CC 1117","Roller Washer"
1302,"CC 1118","Belt Pulley"
1303,"CC 1119","Gear Wheel Big"
1304,"CC 1121","Gear (Transmission)"
1305,"CC 1122","Gear Wheel Small"
1306,"CC 1123","Motor Pulley"
1307,"CC 1124","Motor Adj Clamp A"
1308,"CC 1125","Motor Adj Clamp (B)"
1309,"CC 1126","O.C Holder Support"
1310,"CC 1127","Upper Frame Support A"
1311,"CC 1128","Upper Frame Support B"
1312,"CC 1129","Double Hole Door Joint"
1313,"CC 1130","L Angle Big"
1314,"CC 1201","Blade Assy"
1315,"CC 1202","Frame Assy"
1316,"CC 1203","Side Frame Assy"
1317,"CC 1204","Side Door Assy"
1318,"CC 1205","Straw Inlet Assy"
1319,"CCP 1978","Belt Pulley 3"" x 1B"
1320,"CC 4022","Reel Spacer Bush"
1321,"CC 6006","Cover Clamp"
1322,"CC 8101","Chaff Cutter Main Door"
1323,"CC 8103","Main Cover Small"
1324,"CC 8104","Inlet Teeth Shield"
1325,"CC 8105","Inlet Chaff Holder"
1326,"CC 8106","Inter Holder Clamp"
1327,"CC 8107","CC Hook"
1328,"CC 8108","Main Side Wall"
1329,"CC 8109","Mani Wall Support"
1330,"CC 8110","Wall Rib"
1331,"CC 8111","Cutter Square Shaft"
1332,"CC 8112","Angle Plate Big"
1333,"CC 8113","Angle Plate Small"
1334,"CC 8114","Blade Clamp"
1335,"CC 8115","Main Wall Support B"
1336,"CC 8116","Tapper Clamp"
1337,"CC 8117","6004 Bearing Cup"
1338,"CC 8118","Roller Adj Clamp Pin"
1339,"CC 8119","Transmission Pin"
1340,"CC 8120","Collector Side Rib"
1341,"CC 8121","Door Rib"
1342,"CC 8432","Cam Plate Bush"
1343,"CC Gear","10x5 Keyway"
1344,"CCP 8433","2HP Motor 1PH 1440RPM"
1345,"Chain Wheel","10x5 Keyway"
1346,"CS 1003","Top Outlrt Assy"
1347,"CS 1006","Cutting Wheel Assy"
1348,"CS 1007","Big Pulley Assy"
1349,"CS 2002","Mother Blade"
1350,"CS 2003","Cutting Wheel Shaft"
1351,"CS 2005","Cutting Blade"
1352,"CS 2006","Centre Plate Support Blade"
1353,"CS 2008","35mm Bush"
1354,"CS 2009","37mm Bush"
1355,"CS 2012","Big Pulley Shaft"
1356,"CS 2012","Big Pulley Shaft  (Dia52mm x 520mm)"
1357,"CS 2014","Top Link Patta 2"
1358,"CS 2018","Pulverizer Patta"
1359,"CS 8020","Cutting Wheel Front1"
1360,"CS 8021","Cutting Wheel Front 2"
1361,"CS 8023","Cutting Wheel Back Plate"
1362,"CS 8061","Step Bush"
1363,"CS 8062","Cutting Blade Square Piece
"
1364,"Cutter Frame","Wmt
"
1365,"Door Top","Cover LH 3.5F"
1366,"Door Top","Cover RH 3.5F"
1367,"Drill Bit",3.9mm
1368,"ECC 1000","Chaff Cutter Frame Wmt"
1369,"ECC 8101","Front Frame Plate"
1370,"ECC 8102","RH Side Plate"
1371,"ECC 8103","LH Side Plate"
1372,"ECC 8104","Separator Plate A"
1373,"ECC 8105","Separator Plate B"
1374,"ECC 8106","Separator Plate C"
1375,"ECC 8107","Frame Gap Plate"
1376,"ECC 8108","Gear Frame Rib"
1377,"ECC 8109","Oil Sump"
1378,"ECC 8110","Feeder Rib"
1379,"ECC 8111","Feeder Rib"
1380,"ECC 8112","Inlet Tray Holder"
1381,"ECC 8113","Adj Cup Holder Pin"
1382,"ECC 8114","Spring Holder Pin"
1383,"ECC 1001","Crop Inlet Tray Wmt
"
1384,"ECC 1003","205 Cup Waser"
1385,"ECC 1004","Top Cover"
1386,"ECC 1005","Side Cover"
1387,"ECC 1006","Feeder Plate"
1388,"ECC 1007","Top Full Cover"
1389,"ECC 1008","Full Cover Stand"
1390,"ECC 1009","Bottom Slope Cover"
1391,"ECC 2001","Adjuster Cup LH"
1392,"ECC 2002","adjuster cup RH"
1393,"ECC 3003","Blade Pully Shaft
"
1394,"ECC 5001","Main Stand Wmt
"
1395,"ECC 5002","Top Frame Main Stand"
1396,"ECC 5003","Frame Leg  A LH & RH"
1397,"ECC 5004","Frame Leg B LH & RH"
1398,"ECC 5005","Support Angle Big"
1399,"ECC 5006","Support Angle Small"
1400,"ECC 5007","Leg Support"
1401,"ECC 5008","Stand Guard"
1402,"ECC 5009","Motor Holder Plate"
1403,"ECC 6001","Blade Cover Set
"
1404,"ECC 6002","Blade Cover Set A"
1405,"ECC 6006","Cover Clamp D"
1406,"ECC 8008","Mesh A"
1407,"FC 1001","Gear Box Housing"
1408,"FC 1002","Gear Box PTO Cover"
1409,"FC 1003","Bevel Big"
1410,"FC 1004","Bevel Small"
1411,"FC 1005","PTO Shaft"
1412,"FC 1006","A Gear Shaft Jagdeo Type"
1413,"FC 1006","Gear Shaft"
1414,"FC 1007","Dummy Flange (RH)"
1415,"FC 1008","Drive Flange (LH)"
1416,"FC 1011","32210 Bearing"
1417,"FC 1012","30207 Bearing"
1418,"FC 1013","6210 Bearing"
1419,"FC 1014","6306 Bearing"
1420,"FC 1440","Cam Roller"
1421,"FC 2000","Cutter Base Frame
"
1422,"FC 2001","Bearing Adjuster Plate"
1423,"FC 2002A","Hinch Link RH"
1424,"FC 2002B","Hinch Link LH"
1425,"FC 2002","Hinge Link A
"
1426,"FC 2003hinch","Link B"
1427,"FC 2004","Hand Pin"
1428,"FC 2006","SQUARE TUBE BLADE CUP"
1429,"FC 2007","Clutch Shaft Bush"
1430,"FC 2100",Hand
1431,"FC 2101","Bearing P 207"
1432,"FC 2102","Bearing F 207"
1433,"FC 2103","Bearing F 206"
1434,"FC 2104","Bearing 32208"
1435,"FC 2105","Bearing 6204"
1436,"FC 2106","Oil Seal 45x62x10"
1437,"FC 2107","Top Link Patta"
1438,"FC 26T","Sprocket - Double Sprocket Clutch"
1439,"FC 3000","Clutch Assy Set"
1440,"FC 3001A","Front Balde Frame Assembly"
1441,"FC 3001B","Front Blade Frame Assembly"
1442,"FC 3002","Front Blade Cam Assembly"
1443,"FC 3003A","Front Blade Cam Assembly"
1444,"FC 3003B","Cam Guider Assembly"
1445,"FC 3003","Cam Guider Assembly"
1446,"FC 3004","Blade Holder Patta"
1447,"FC 3005",Blade
1448,"FC 3006","Square Rod"
1449,"FC 3007","Blade Guider Assembly"
1450,"FC 3008A","Cam Cover Plate A"
1451,"FC 3008B","Cam Cover Plarte A"
1452,"FC 3009A","Cam Cover Plate B"
1453,"FC 3009B","Cam Cover Plate B"
1454,"FC 3010A","Cam Cover Plate C"
1455,"FC 3010B","Cam Cover Plate C"
1456,"FC 3011","A Cam Cover Plate D"
1457,"FC 3011B","Cam Cover Plate D"
1458,"FC 3012","Cam Cover Plate E"
1459,"FC 3013","6205 Beraing"
1460,"FC 3013",Tine
1461,"FC 3014","Aller Frame"
1462,"FC 3014","Reel Gaurd Clamp"
1463,"FC 3014","Tine Pipe"
1464,"FC 3015","Front Blade Cover Clamp"
1465,"FC 3016A","Front Blade Cover"
1466,"FC 3016B","Front Blade Cover"
1467,"FC 3016","B Front Blade Cover RH"
1468,"FC 3016","Connecting Shaft"
1469,"FC 3017A","Reel Guard"
1470,"FC 3017","A Reel Guard A LH"
1471,"FC 3017B","Reel Guard"
1472,"FC 3017","B Reel Guard RH"
1473,"FC 4001","Reel Frame Assembly"
1474,"FC 4002","Nylon Bush - Reel Pipe"
1475,"FC 4003","Nylon Bush Clamp"
1476,"FC 4004","Tine Pipe Assembly"
1477,"FC 4005","End Pipe Assembly"
1478,"FC 4006","Cam Plate Assembly"
1479,"FC 4007","Cam Nylon Bush"
1480,"FC 4008","Tine - Reel"
1481,"FC 4009","Reel Holder RH"
1482,"FC 4010","Reel Holder LH"
1483,"FC 4011","Reel Holder Nylon Bush RH"
1484,"FC 4012","Reel Holder Nylon Bush LH"
1485,"FC 4013","Cam Roller Adjuster Plate"
1486,"FC 4014","Reel Square Tube RH-(40-40)"
1487,"FC 4015","Reel Square Tube LH(40-40)"
1488,"FC 4016A","Reel Adjuster Plate A (LH)"
1489,"FC 4016B","Reel Adjuster Plate A(RH)"
1490,"FC 4017A","Reel Adjuster Plate B (LH)"
1491,"FC 4017B","Reel Adjuster Plate B(RH)"
1492,"FC 4018","Stopper - Squarw Tube"
1493,"FC 4019","Front Balde Chain Adjuster Plate"
1494,"FC 4020","Cam Roller"
1495,"FC 4021","Cam Roller Pin"
1496,"FC 4022","Reel Spacer Bush"
1497,"FC 4023","Reel Holder RH"
1498,"FC 4024","Reel Holder LH"
1499,"FC 4025","Reel Idler  Guard"
1500,"FC 5000","Feed Auger"
1501,"FC 5001","Auger Drum Assembly"
1502,"FC 5002","Auger Support Plate A"
1503,"FC 5003","Auger Support Plate B"
1504,"FC 5004","Drum Cover"
1505,"FC 5005","Holder Plate - Auger Drum"
1506,"FC 5006","Adjuster Plate A - Auger Drum"
1507,"FC 5007","Adjuster Plate B - Auger Drum"
1508,"FC 5008","Drive Shaft - Feed Auger"
1509,"FC 5009","Idler Shaft - Feed Auger"
1510,"FC 5011","Drum Guard (LH&RH)"
1511,"FC 5012","A Feeder Shaft"
1512,"FC 5015","Feeder Tine Bar"
1513,"FC 6001","32T Sprocket Assembly"
1514,"FC 6002","26T Sprocket Assembly - Feeder Shaft"
1515,"FC 6003","1 Sprocket Clutch Shaft Assembly"
1516,"FC 6004","18T Sprocket - Cam Shaft"
1517,"FC 6005","Wobble Shaft Assembly"
1518,"FC 6007","Reaper Arm Transmission Shaft"
1519,"FC 6009","Link Plate - Reaper Arm"
1520,"FC 6010","Spacer Bush A"
1521,"FC 6011","Spacer Bush B"
1522,"FC 6013","Blade Holder Plate - Reaper Assembly"
1523,"FC 6015",Finger
1524,"FC 6016","Holder Plate - Finger"
1525,"FC 6017","Feed Auger Sprocket"
1526,"FC 6018","Reel Sprocket RH"
1527,"FC 6020","Double Sprocket Clutch Shaft"
1528,"FC 6022","Blade Clamp"
1529,"FC 6023","Cam Cover"
1530,"FC 6102","Clutch Flange - Single Sprocket"
1531,"FC 6103","Clutch Lock Plate - Single Sprocket"
1532,"FC 6104","32T Sprocket - Single Sprocket Clutch"
1533,"FC 6201","Double Sprocket Clutch Assembly"
1534,"FC 6202","Clutch Flange - Double Sprocket"
1535,"FC 6203","Clutch Lock Plate - Double Sprocket"
1536,"FC 6204","Clutch Shaft Bush"
1537,"FC 6205","Feeder 9T Sprocket"
1538,"FC 6206","Feeder Shaft A (866mm)"
1539,"FC 6207","Feeder Shaft B (802mm)"
1540,"FC 8013","Bush Clamp"
1541,"FC 8101","Housing Flange"
1542,"FC 8102","Gear Flange  Pipe"
1543,"FC 8103","Drive Side Flange"
1544,"FC 8104","Dummy Flange"
1545,"FC 8114","Spring Holding Pin"
1546,"FC 8201","Base Drum"
1547,"FC 8203","Side Plate RH"
1548,"FC 8221","Hand Pivot Bush"
1549,"FC 8226A","Gusset Strip A (LH)"
1550,"FC 8226B","Gusset Strip A (RH)"
1551,"FC 8227","Gusset Strip B"
1552,"FC 8228","Gusset Strip C"
1553,"FC 8303","Rolling Bush"
1554,"FC 8311","Front Blade Shaft"
1555,"FC 8313","Bearing Pin"
1556,"FC 8321","Cam Guider"
1557,"FC 8331","Blade Guider"
1558,"FC 8401","Reel Pipe (38-48)"
1559,"FC 8403","Reel Frame Support Ring"
1560,"FC 8406","Reel Drive Shaft"
1561,"FC 8407","Reel Idler Shaft"
1562,"FC 8413","Cam Pin"
1563,"FC 8432","Cam Plate Bush"
1564,"FC 8441","Holder Pipe - Reel"
1565,"FC 8453","Sq Tube Bush"
1566,"FC 8501","Auger Drum"
1567,"FC 8504","Auger Plate"
1568,"FC 8508","Agur Drum Plate Patta"
1569,"FC 8512","Round Plate Bush A"
1570,"FC 8513","Round Plate Bush B"
1571,"FC 8601","18T Coupling Bush 13T Splines"
1572,"FC 8601","32T Sprocket Bush"
1573,"FC 8603","32 T Sprocket"
1574,"FC 8611","26T Sprocket Bush - Feeder Shaft"
1575,"FC 8621","1 Sprocket Clutch Shaft"
1576,"FC 8631","Cam Pin - Wobble Shaft"
1577,"FC 8632","Cam Pin Shaft"
1578,"FC 8633","18T Sprocket - Wobble Shaft"
1579,"FC 8642","Transmision Shaft - Reaper Arm"
1580,"FC 8651","Feed Auger Sprocket Bush"
1581,"FC 8652","26T Sprocket - Feed Auger"
1582,"FC 8661","Reel Sprocket RH Bush"
1583,"FC 8662","18T Sprocket - Reel"
1584,"FC 8663","45T Sprocket - Reel"
1585,"FC 8665","Front Blader 13 Teeth"
1586,"FC 8671","Clutch Flange - Double Sprocket"
1587,"FC 8672","18T Sprocket - Double Sprocket Clutch"
1588,"FC 8687",Kuppa
1589,"FC 8865","Front Blade Sprocket Bush"
1590,"FC 9000","Rolling and Bending"
1591,"H 3002","Main Centre Plate"
1592,"HR 8102","Main Centre Plate Big"
1593,"HR 8101","Main Centre Plate Small"
1594,"Hardening Materials",
1595,"HR 1101","LR5201 NPPU"
1596,"HR 1105","Bevel Gear Big"
1597,"HR 1107","Pinion Shaft"
1598,"HR 8149","Main Shaft"
1599,"HR 1108","Main Shaft Assy"
1600,"HR 1109","PTO Shaft"
1601,"HR 1110","Cam Centre Shaft"
1602,"HR 1111","Center Shaft Holder Bush"
1603,"HR 1112","Center Shaft Bush"
1604,"HR 1113","Hub Bush"
1605,"HR 1114","Adj Clamp Bend"
1606,"HR 1116","PTO Cover"
1607,"HR 1117","Hy Wheel Shaft"
1608,"HR 1118",Tine
1609,"HR 1123",Housing
1610,"HR 1124","Adj Clamp"
1611,"HR 1125",Cam
1612,"HR 1126","Centre Hub"
1613,"HR 1129","Tyre & Rim"
1614,"HR 1133","Tine Upper Clip"
1615,"HR 1134","Tine Lower Clip A"
1616,"HR 1135","Tine Lower Clip B"
1617,"HR 1140","FRONT STAND"
1618,"HR 3001","Rear Hand Frame"
1619,"HR 8109","Main Pipe Big"
1620,"HR 8108","Bevel Hub Mate Patta"
1621,"HR 8110","Main Pipe Gusset"
1622,"HR 8111","Hand Rib Big"
1623,"HR 8119","Main Hand"
1624,"HR 8129","Name Board Holder"
1625,"HR 8128","Top Link Patta"
1626,"HR 8120","Stay Pipe Clamp"
1627,"HR 8115","Hand Rib Cover"
1628,"HR 8117","Top A Link"
1629,"HR 8143","Front Name Plate Holder"
1630,"HR 8138","Top Name Plate for HR"
1631,"HR 8140","Mat Side Holder"
1632,"HR 8141","HR Hand Guasset 1"
1633,"HR 8142","HR Hand Guasset 2"
1634,"HR 8144","Wheel Pipe Main Guasset"
1635,"HR 3002","Main Center Plate"
1636,"HR 3003","Tine Pipe Holder"
1637,"HR 8103","Tine Pipe Clamp"
1638,"HR 8104","Tine Pipe Small"
1639,"HR 3004","Tine Pipe"
1640,"HR 8106","Tine Pipe Patta"
1641,"HR 8107","Tine Patta Pin"
1642,"HR 8105","Tine Pipe Big"
1643,"HR 3005","Tine Exhaust Holder"
1644,"HR 8127","Exhaust Slot Holder"
1645,"HR 8121","Stay Pipe Holder"
1646,"HR 3006A","Tine Exhaust Pipe"
1647,"HR 3006","Tine Exhaust Pipe"
1648,"HR 8134","Exhaust Edge Clamp A"
1649,"HR 3010","Hay Rack Mat Tighter Clamp"
1650,"HR 3007","Wheel Shaft"
1651,"HR 8124","Tyre Pipe Bush Big"
1652,"HR 8125","Tyre Bend Pipe"
1653,"HR 8147","Wheel Pipe Support Guasset"
1654,"HR 8150","Wheel Support Piece"
1655,"HR 3008","Mat Holder"
1656,"HR 3009","Mat Side Holder"
1657,"HR 8117","Tine Exhaust Holder"
1658,"HR 8122","Stay Pipe Welding"
1659,"HR 8135","Hay Rack Mat Clamp"
1660,"HR 8136","Hey Rack Mat Tight"
1661,"HR 8139","Mat Holder Piece"
1662,"ML 9152","Stand Pipe Washer"
1663,"HR 8201","Rear Hand Frame"
1664,"HR 8202","Main Centre Plate"
1665,"HR 8203","T.P. Holder Clamp"
1666,"HR 8204","Tine Pipe"
1667,"HR 8205","Tine Exhaust Holder"
1668,"HR 8206","Tine Exhaust Pipe"
1669,"HRP 1101","LR5201 NPPU"
1670,"HRP 1105","Bevel Gear EN353 OD260mm x 27mm"
1671,"HRP 1107","Pinion Shaft  EN353 OD56mm x 130mm"
1672,"HRP 1109","PTO Shaft EN8D OD40mm x 133mm"
1673,"HRP 1111","Center Shaft Holder Bush MS OD45mm x 43mm"
1674,"HRP 1112","Center Shaft Bush MS OD45mm x 20mm"
1675,"HRP 1113","Hub Bush MS OD80mm x 35mm"
1676,"HRP 1114","Adj Clamp Bend Rod MS OD16mmx 195m"
1677,"HRP 1116","PTO Cover MS OD90mm x 68mm"
1678,"HRP 1117","Hy Wheel Shaft MS OD30mm x 395mm"
1679,"HRP 1123",Housing
1680,"HRP 8107","Tine Patta Pin MS OD30mm x 57mm"
1681,"HRP 8124","Tyre Pipe Bush Big MS OD45mm x 73mm"
1682,"JSS 1321","M8 X 75MM"
1683,"Hydralic Assambly",212
1684,"Jaysan Green","(VT) PP Glossy (12-21 DP)"
1685,"Jaysan Name",Plate
1686,"Jaysan Orange","(VT) PP Glossy (12-21 DP)"
1687,"JBC 252","Banana Stem Chopper"
1688,"JBC 9127","Knife Plate Ring"
1689,"JFC 2000","Cutter Base Frame"
1690,"JFC 2100","Forage Crop  Cutter"
1691,"HR 1115","Adj Clamp Spring"
1692,"HR 1127","Towel Pin 8mm"
1693,"HR 1128","Bearing 6010-2rs1/C3"
1694,"HR 1119","Bearing 6208-2RSR"
1695,"HR 1120","Bearing 6206-2RS"
1696,"JHR 646","HAY RAKE"
1697,"JM 1001","2207E Bearing NTN"
1698,"JM 1002","22206E Bearing NTN"
1699,"JM 1003","5206ZZ Bearing NTN"
1700,"JM 1004","30209 Bearing NTN"
1701,"JRB 310","Round Baler 4G+ Its Parts and Accessories"
1702,"JRB 312","ROUND BALER"
1703,"JRB 312","Round Baler 4G+ Its Parts and Accessories"
1704,"JRB 312","Round Baler , Its Parts and Accessories"
1705,"JRF 2.5",Rotavator
1706,"JRP 163","Ridge Plaster"
1707,"JRT 134","Nano Rotary Tiller"
1708,"JRT 5000","Reverse Forward Rotavator Set"
1709,"JSH 500",Shredder
1710,"JSRT 253","Shift Rotary"
1711,"JSS 1099","Screw 4x15"
1712,"JSS 1201","M6 X 10MM"
1713,"JSS 1238","M6 X 10MM A"
1714,"JSS 1331","M8 X 125MM"
1715,"JSS 1416","M10 X 40MM"
1716,"JSS 1503","M12 X 25MM"
1717,"JSS 1514","M12 X 65MM"
1718,"JSS 1515","M12 X 70MM"
1719,"JSS 1519","M12 X 90MM"
1720,"JSS 1606","M14 X 35MM"
1721,"JSS 1609","M14 X 45MM"
1722,"JSS 1610","M14 X 50MM"
1723,"JSS 1620","M14 X 100MM"
1724,"JSS 1679","M14  SUNLOCK  NUT"
1725,"JSS 1680","M14 Spring Waser"
1726,"JSS 1703","M16 X 30MM"
1727,"JSS 1707","M16 X 40MM"
1728,"JSS 1708","M16 X 45MM"
1729,"JSS 1709","M16 X 50MM"
1730,"JSS 1726","M16 X 130MM"
1731,"JSS 1732","M16 X 160MM"
1732,"JSS 1798","M16 Spring Waser"
1733,"JSS 2011","M20 X 70MM"
1734,"JSS 2017","M20 X 100MM"
1735,"JSS 2019","M20 X 110MM"
1736,"JSS 2033","M20 X 180MM"
1737,"JSS 2035","M20 X 190MM"
1738,"JSS 3220","M16 X 110MM A"
1739,"JSS 3333","M10X16MM Gripscrew"
1740,"JSS 3342","M12X25MM Gripscrew"
1741,"M10 Welding",Nut
1742,"ML 1002","Gear Box Housing Flange Jagdeo Type"
1743,"ML 1003","3Gear Left Side  Pipe Assy JAGDEO TYPE 18B"
1744,"ML 1004","Pto Shaft Jagdeo Type"
1745,"ML 1007","Pinion Shaft Coupling Jagdeo Type"
1746,"ML 1008A","Pully Shaft Jagdeo Type 18B"
1747,"ML 1008","Gear Left Side Pipe Assy"
1748,"ML 1009","Bolt Patta"
1749,"ML 1009","Gear High Adjuster Jagdeo Type RH"
1750,"ML 1010","Gear Hight Adj Clamp Jagdeo Type"
1751,"ML 1011",Adjuster
1752,"ML 1012","Saw Plate Big 16B"
1753,"ML 1012","Saw Plate Big 18B"
1754,"ML 1012","Saw Plate Big 20B"
1755,"ML 1013","Saw Plate Small 16B"
1756,"ML 1013","Saw Plate Small 18B"
1757,"ML 1013","Saw Plate Small 20B"
1758,"ML 1019","PTO Cover"
1759,"ML 1019","Pto Cover Jagdeo Type"
1760,"ML 2000A","Mulching Frame 18B"
1761,"ML 2000","Mulching Frame 16B"
1762,"ML 2000","Mulching Frame 20B"
1763,"ML 1001","Gear Box Housing Jagdeo Type"
1764,"ML 2002","Saw Plate Large"
1765,"ML 2003","Saw Plate Small"
1766,"ML 2101","Mulching Roller Flange"
1767,"ML 2101","Roller Flange"
1768,"ML 3000","Pully Cover"
1769,"ML 4101","Square Elbow"
1770,"ML 4102","Side Plate Patta"
1771,"ML 4201A","Top Link LH"
1772,"ML 4201B","Top Link RH"
1773,"ML 4203","Top Link Bush"
1774,"ML 5000A","Door Assembly 18B"
1775,"ML 5000","Door Assembly 16B"
1776,"ML 5001","Door Hinge Pin"
1777,"ML 6000A","Rotary Assembly 18B"
1778,"ML 6000","Rotary Assembly 16B"
1779,"Ml 6003","Flail Hammer Blade"
1780,"ML 7001A","Roller Long 18B"
1781,"ML 7001","Roller Long 16B"
1782,"ML 7002","Roller Small"
1783,"ML 7003A","Long Roller Support LH"
1784,"ML 7003B","Long Roller Support RH"
1785,"ML 7004","Roller L Angle 16B"
1786,"ML 7004","Roller L Angle 18B"
1787,"ML 7004","Roller L Angle 20B"
1788,"ML 7005","Depth Skit"
1789,"ML 7006A","Flap Rod 18B"
1790,"ML 7006","Flap Rod 16B"
1791,"ML 7007A",Flap
1792,"ML 7007",Flap
1793,"ML 8010","Gear Box Adj Bar"
1794,"ML 8016","Grease Nipple Cover"
1795,"ML 8504","Door Bush"
1796,"ML 8601","A Rotor Pipe 18B"
1797,"ML 8601","Rotor Pipe 16B"
1798,"ML 8602","Mulching Roller Shaft RH"
1799,"ML 8603","Mulching Roller Shaft LH"
1800,"ML 8604","Mulching Roller Cup A"
1801,"ML 8701A","Mover Roller Pipr Large 18B"
1802,"ML 8701","Mover Roller Pipe Large 16B"
1803,"ML 8703","Mover Roller Pipe"
1804,"ML 8704","Mover Roller Side Plate"
1805,"ML 8705","Mover Roller Bush"
1806,"ML 8707","Leveller Support Bush"
1807,"ML 9101","Mover Roller Bush"
1808,"ML 9101","Mover Roller Pipe"
1809,"ML 9111","Leveler Roller Pipe"
1810,"ML 9112","Levelar Roller Flange"
1811,"mL 9122","LR Adj Hand Bush"
1812,"ML 9131","Flap Cover Rod"
1813,"ML 9161","Back Cover Bush"
1814,"ML 9204","Mulcher Roller Shaft RH"
1815,"ML 9205","Mulcher Roller Shaft LH"
1816,"ML 9206","Mulching Roller Cup A"
1817,"ML 9206","Roller Cup A"
1818,"ML 9207","Roller Cup B"
1819,"ML 9401","Gear Pipe Flange Jagdeo Type"
1820,"ML 9402A","Gear Left Side Pipe Jagdeo Type 16B"
1821,"ML 9402","Gear Left Side Pipe Jagdeo Type 18B"
1822,"ML 9403","Gear Pipe Coupling Jagdeo Type"
1823,"ML 9406","Gear Height Adj Boult M16"
1824,"MLP 1007","Pinion Shaft Coupling MS OD60mm x 121mm"
1825,"MLP 2101","Roller Flange EN8 OD210mm x 65mm"
1826,"MLP 9101","Mover Roller Bush MS OD70 x 20mm"
1827,"MLP 9112","Levelar Roller Flange EN8 OD140mm x 91mm"
1828,"MLP 9131","Flap Cover Rod MS OD18mm x 1875mm"
1829,"MLP 9204","Mul Roll Shaft RH EN8D  OD65mm x 205mm"
1830,"MLP 9205","Mul Roll Shaft LH EN8D  OD65mm x 318mm"
1831,"MLP 9206","Roller Cup A MS OD150mm x 23mm"
1832,"MLP 9207","Roller Cup B MS OD150mm x 23mm"
1833,"MLP 9403","Gear Pipe Coupling MS OD100mm x 103mm"
1834,"Ms Scrap",Material
1835,"MS Square","Pipe 20 x 20 x 1.6mm"
1836,"Mulcher 518",Frame
1837,"Mulcher Hammer",
1838,"Oil Tank","Nut Small"
1839,"Pully 10x5.5","JFC Sprocket"
1840,"Pully 10x5",Wheel
1841,"PU Seal","28 x 38 x 7.3"
1842,"Rack Stand",
1843,"RF 1000","A Frame Assy 22B"
1844,"RF 1002","Pyramid Hand RH"
1845,"RF 1003","Dummy Side Plate"
1846,"RF 1004","Drive Side Plate Assy"
1847,"RF 1005","Gear Box Flanch Clamp"
1848,"RF 1007","Back Cover 22B"
1849,"RF 2001","Oil Hump Cover"
1850,"RF 2001","Oil Sump Cover"
1851,"RF 2002","Chain Adj Pin Big"
1852,"RF 2003","Chain Adj Pin Small"
1853,"RF 2006","Gear Box Housing"
1854,"RF 2009","Main Flange Hub Big"
1855,"RF 2015","A Main Flange Shaft 22B"
1856,"RF 3001","Depth Skit"
1857,"RF 3002","Side Chain Cover"
1858,"RF 3003","Depth Skit Adj Patta"
1859,"RF 3003","Frame Stand Holder Assy"
1860,"RF 3005","Back Side Cover"
1861,"RF 3005","Back Side Cover Assy"
1862,"RF 3006","A Rotary Flange Pipe Assy 22B"
1863,"RF 3006","Rotary Flange Pipe Assy 18B"
1864,"RF 3009","A Frame Stand Holder RH"
1865,"RF 3009","Frame Stand Holder LH"
1866,"RF 8006","Back Cover"
1867,"RF 8008","Pyramid Hand LH"
1868,"RF 8010","Drive Side Plate"
1869,"RF 8020","Rotavator Clamp Small"
1870,"RF 8021","Rotavator Clamp Big"
1871,"Roller Bush","30 Dia"
1872,"Roto Ring","Seal TE1670-1700-T10-N70"
1873,"RP 1000","Ridge Plaster Full Assy"
1874,"RP 1001","Cultivator Frame Assy"
1875,"RP 2005","Base Frame Bush"
1876,"RP 8041","Top Link Support Piece"
1877,"RP 3004","Chain Drive Pipe Assy"
1878,"RP 8049","Chain Drive Pipe Assy"
1879,"RP 8050","Rectangular Flange"
1880,"RP 8051","Circular Flange"
1881,"RP 8052","Cover Support Piece"
1882,"RP 1002","Lifting Frame Assy"
1883,"RP 8017","Lifting Frame Base Tube"
1884,"RP 8018","Flange Cover Support Patta"
1885,"RP 8019","Flange Cover Support Angle"
1886,"RP 8020","Pendulum Plate"
1887,"RP 8021","Lifting Frame Main Hinge"
1888,"RP 8022","Lifting Frame Cylinder Hinge"
1889,"RP 8023","Pendulum  Plate Support Piece"
1890,"RP 8024","Pendulum Plate Support Piece 2"
1891,"RP 8025","Disc Frame Cylinder Hinge"
1892,"RP 8026","Hinge Support Piece"
1893,"RP 8088","Pendulum Support Piece 3"
1894,"RP 2022","Front Hand Bssh"
1895,"RP 1003","Disc Frame"
1896,"RP 1004","Disc Plaster"
1897,"RP 1005","Support Stand Assy"
1898,"RP 8060","Stand Pipe"
1899,"RP 8090","Stand Pipe Bolt"
1900,"RP 2008","Support Stand Wheel Bush 2"
1901,"RP 8062","Stand End Dummy"
1902,"RP 1006","Cylinder Full Assy"
1903,"RP 1007",Cylinder
1904,"RP 2001","Disc Drive  Shaft"
1905,"RP 2002","Disc Drive Bush"
1906,"RP 2003","Disc Frame Bearing Bush"
1907,"RP 2004","Disc Frame Pivot Bush"
1908,"RP 2007","Support Stand Wheel Bush"
1909,"RP 2009","Rotary Flange Bush"
1910,"RP 2010","Rotary Flange Shaft"
1911,"RP 2010","Rotary Flange Shaft(410mm)"
1912,"RP 2011","Cultivator Drive Spracket"
1913,"RP 2012","Rotary Flange Bearing  Bush"
1914,"RP 2013","Main Drive Shaft"
1915,"RP 2014","Gear Flange Drive"
1916,"RP 2015","Flange Rotary"
1917,"RP 2015","Gear Flange Rotary Side"
1918,"RP 2018","Back Coverjagdeo Type"
1919,"RP 2019","Lock Pin Bush"
1920,"RP 2020","Rotavator Hand Pin for Ridge Plater"
1921,"RP 2021","Center Pin Bush"
1922,"RP 2024","Cylinder Seal Flange"
1923,"RP 2025","Cylinder Seal Flange Head"
1924,"RP 2026","Seal Flange"
1925,"RP 2027","Cylinder Honic Tube"
1926,"RP 2028","Cylinder Honic Tube Dummy"
1927,"RP 2029","Hy H Nipple Small"
1928,"RP 2030","Hy H Nipple Big"
1929,"RP 2032","Hardcrome Rod Big"
1930,"RP 2033","Gear Drive Side Pipe"
1931,"RP 2035","Circularclosing Dummy"
1932,"RP 2036","Bearing 22208 NBC"
1933,"RP 2037","Pinion Shaft Coupling"
1934,"RP 3000","Disc Drive Shaft Plate"
1935,"RP 3001","Disc Plaster Mini"
1936,"RP 3002","Disc Cover Assy"
1937,"RP 3003","Flange Side Cover 2 Mount Patta Assy"
1938,"RP 3005","Rotary Flange"
1939,"RP 3006","Chain Tighter Assy"
1940,"RP 3008","Cylinder Honic Tube"
1941,"RP 8083","Back Mount Hinge"
1942,"RP 8083A","Back Mount Hinge A"
1943,"RP 2031","H Nipple Connecting Tube"
1944,"RP 3009","Hardcrome Rod Assy"
1945,"RP 8084","Hardcrome Rod Patta"
1946,"RP 8085","Hardcrome Rod Patta 2"
1947,"RP 3010","Disc Cover Support Assy"
1948,"RP 3011","Gear Flange Rotary Side Assy"
1949,"RP 3012","Gear Left Side Pipe Assy Small Jagdeo Type"
1950,"RP 3013","Support Stand Assy 2"
1951,"RP 3017","Frame Support Holder 2"
1952,"RP 6000","Cover Plate"
1953,"RP 6001","Flange Cover  2"
1954,"RP 6002","Flange Cover 3"
1955,"RP 6003","Flange Side Cover 1"
1956,"RP 6004","Flange Side Cover 2"
1957,"RP 6005","Sq Pipe Front Closing Sheet"
1958,"RP 6006","Sq Pipe Back Closing Sheet"
1959,"RP 6007","Rectangle Closing Plate"
1960,"RP 6105","Cylinder Lock Pin"
1961,"RP 7094","Center Hand Pin"
1962,"RP 8001","Disc Pipe Big"
1963,"RP 8002","Disc Pipe Flange"
1964,"RP 8008","Disc Drive Flange"
1965,"RP 8013","Disc Cover 2"
1966,"RP 8014","Disc Cover 3"
1967,"RP 8015","Disc Cover Support 1"
1968,"RP 8037","Hand Piece"
1969,"RP 8059","Circular Closing Dummy"
1970,"RP 8061","Support Stand Wheel"
1971,"RP 8063","Flange Cover 1"
1972,"RP 8064","Flange Cover 2"
1973,"RP 8066","Flange Cover Patta 1"
1974,"RP 8068","Flange Plate"
1975,"RP 8069","Chain Tighter Patta"
1976,"RP 8086","Disc Drive Bush Waser"
1977,"RP 8087","Ridge Plaster Pin"
1978,"RP 8091","Chain Tighter Hinge Rod"
1979,"RPP Hardchrome","Rod Dia36mm"
1980,"RT 1100","Multi Gear Box 42 Blade"
1981,"RT 1101","Multi Gear Box Housing"
1982,"RT 1102","Multi Gear Box Back Cover"
1983,"RT 1104","Multi Gear Box Dummy"
1984,"RT 1105","Multi gear flange RH 36 blade"
1985,"RT 8101","Gear Box Housing Flange"
1986,"RT 8102","Gear Box RH Pipe Flange"
1987,"RT 8103","Multi Gear Pipe RH 36 Blade"
1988,"RT 1105","Multi Gear Flange RH 42 Blade"
1989,"RT 1106","multi gear dummy flange 36 blade"
1990,"RT 8104","Multi Gear Dummy Pipe 36 Blade"
1991,"RT 8105","Multi Gear Spuare Flange"
1992,"RT 1106","Multi Gear Dummy Flange 42 Blade"
1993,"RT 1106","Multi Gear Dummy Flange LH"
1994,"RT 1107-M","Multi Gear Pto Shaft"
1995,"RT 1107","Multi Gear PTO Shaft"
1996,"RT 1107-S","Single Gear Pto Shaft"
1997,"RT 1108","Multi Gear Pinnion Shaft"
1998,"RT 1109","Multi Gear Transmission Shaft 36 Blade"
1999,"RT 1109","Multi Gear Transmission Shaft 42 Blade"
2000,"RT 1110","Bevel Gear 18T"
2001,"RT 1111","Multi Pinnion Gear 11T"
2002,"RT 1112","Multi Gear 18T"
2003,"RT 1113","Multi Gear 17T"
2004,"RT 1116","Multi Gear Transmissionshaft Cooler Beval"
2005,"RT1117 Multi","Transmission Shaft Coller Driver Side"
2006,"RT 1118","Multi Gear Coller"
2007,"RT 1119","Gear Box Breather Nut"
2008,"RT 1121","Bearing 30209"
2009,"RT 1122","Bearing 30210"
2010,"RT 1124","Bearing 30208"
2011,"RT 1125","B85 Cirlip"
2012,"RT 1126","A42 Circlip"
2013,"RT 1135","Big Flanch Gasket"
2014,"RT 1136","Small Flanch Gasket"
2015,"RT 1137","4 Hole Squre Gasket"
2016,"RT 1138","3Hole Gasket"
2017,"RT 1141","Oil Seal 65x90x10"
2018,"RT 2001","Disc Drive Shaft"
2019,"RT2001 Side","Gear Plate LH(20-35-28)"
2020,"RT 2002","Side Plate RHS"
2021,"RT 8202","DUMMY SIDE PLATE RIB"
2022,"RT8201 Dummy","Side Plate RH"
2023,"RT 2003","RD Shaft Hub"
2024,"RT 2004","Dead Axle Hub"
2025,"RT 2005","Idler Shaft"
2026,"RT 2006","End Cap"
2027,"RT 2007","Side Gear Cover 20 Holes"
2028,"RT 2009",Bearing6309
2029,"RT 2013","Side Gear Cover 22 Holes"
2030,"RT 2014","Dummy Flange Holder"
2031,"RT 8206","Base Plate - Dummy Pipe Holder"
2032,"RT 8207","Pipe Holder Ring"
2033,"RT 2015","Mud Cover"
2034,"RT 2016","Dust Plate RH"
2035,"RT 2017","Dust Plate LH"
2036,"RT 2101","Spur Gear 20 T"
2037,"RT2102 Spur","Gear 35 T"
2038,"RT2103 Spur","Gear 28 T"
2039,"RT3001 RD",Shaft
2040,"RT3102 Blade","L Type LH"
2041,"RT3003 Dust","Cover RH"
2042,"RT3004 Dead","Axle Shaft"
2043,"RT 3005","Rotary Wmt 42 Blade 10 inch 7 Flnage"
2044,"RT 3005","Rotary Wmt 42 Blade 10 inch 8 Flange"
2045,"RT 3005","Rotary Wmt 42 Blade 8 inch 8 Flange"
2046,"RT3101 Blade","L Type RH"
2047,"RT4002 Depth","Skid Adjuster"
2048,"RT 4003","Depth Skid Bottom Patta V2"
2049,"RT 4004","Depth Skid Adjuster Front"
2050,"RT4100 DEpth","Skid RH"
2051,"RT 8404","Depth Skid Top Patta V2"
2052,"RT 8405","V2-Depthskid Holder A"
2053,"RT 8406","V2-Depth Skid Holder B"
2054,"RT 4101","Depth Skid Top Rolling Patta RH"
2055,"RT 4150","Depth Skid RH V2"
2056,"RT4200 Depth","Skid LH"
2057,"RT 4201","Depth Skid Top Rolling Patta LH"
2058,"RT 4202","Depth Skid Top Patta LH V2"
2059,"RT 4203","Depth Skid Waser"
2060,"RT 4250","Depth Skid LH V2"
2061,"RT 5000","Rotavator Frame 36 B"
2062,"RT 8502","SIDE PLATE RH"
2063,"RT 8503","SIDE PLATE LH"
2064,"RT 8504","DOOR SUPPORT RIB"
2065,"RT 8505","LINK SUPPORT RIB"
2066,"RT 8506","Square Pipe 60-60-4 36 Blade"
2067,"RT 8507","SQUARE PIPE 52-52-3.5"
2068,"RT 8508","GEAR BOX FLANGE CLAMP"
2069,"RT 8509","Stand Pipe Holder"
2070,"RT 8511","DOOR HINGE Z PLATE"
2071,"RT 8512","DOOR HINGE BUSH SUPPORT PLATE"
2072,"RT 8513","DOOR HINGE BUSH"
2073,"RT 8514","Cat 2 Sq Pipe Holder"
2074,"RT 8515","Spacer -Cat 2 Pipe Holder"
2075,"RT 5000","Rotavator Frame 42 B"
2076,"RT 5007","Side Staper"
2077,"RT 6001","Back Door Wmt 36B"
2078,"RT8601 Back","Door Rolling Plate 36 Blade"
2079,"RT 8602","A Back Door Side Plate LH"
2080,"RT 8602B","Back Door Side Plate RH"
2081,"RT 8603","Holder Support Plate"
2082,"RT8604 Door","Support A"
2083,"RT8605 Door","Support B"
2084,"RT8606 Support",Rib
2085,"RT 6001","Back Door Wmt 42B"
2086,"RT 6002","Hinge Rod Wmt"
2087,"RT 6002","Hinge Rod Wmt 36 Blade"
2088,"RT 6002","Hinge Rod Wmt 42 Blade"
2089,"RT 6004","Back Door Holder"
2090,"RT 6004","Name Plate"
2091,"RT 6005","Damper Spring Large"
2092,"RT 6006","Damper Spring Small"
2093,"RT 6007","Damper Spring Coller Cup"
2094,"RT 6008","Damper Rod"
2095,"RT 6009","Dumper Spring Rod"
2096,"RT 7001","Top Link Mounting Patta"
2097,"RT 7001","Top Link Mounting Patta A"
2098,"RT 7002","Top Link Supporting Patta"
2099,"RT 7002","Top Link Supporting Patta B"
2100,"RT 7003","Clevis Bracket A"
2101,"RT 8701","Hnd Base Plate A"
2102,"RT 8703","Hand Support Plate"
2103,"RT 8705","Rib A"
2104,"RT 7004","Clevis Brackt B"
2105,"RT 8702","Hand Base Plate B"
2106,"RT 8704","Hand Bush"
2107,"RT 7005","Damper Spring Holder"
2108,"RT 7006","Frame Support Pipe"
2109,"RT 7007","Top Link Bush"
2110,"RT 7008","Frame Support Pipe Pin"
2111,"RT 7009","14X46 BLADE LH"
2112,"RT 7009","14X57 BLADE LH"
2113,"RT 7009","Rotavator Hand Pin"
2114,"RT 7010","14X46 BLADE RH"
2115,"RT 7010","14X57 BLADE RH"
2116,"RT 7011","Cat 2 Middle Plate"
2117,"RT 7013","RH Cat2 Top Link"
2118,"RT 7014","LH Cat2 Top Link"
2119,"RT 7015","Cat 2 Middle Plate"
2120,"RT 7028","Delta Star Cover"
2121,"RT 8065","MS SHEET"
2122,"RT 8101","Gea Box Housing Flange"
2123,"RT 8103","Multi Gear Pipe RH 42 Blade"
2124,"RT 8104","Multi Gear Dummy Pipe"
2125,"RT 8104","Multi Gear Dummy Pipe 42 Blade"
2126,"RT 8104","Multi Gear Pipe LH"
2127,"RT 8106","Multi Gear End Cap LH"
2128,"RT 8300","Rotary Assembly"
2129,"RT 8301","Rotary Pipe 36 Blade"
2130,"RT 8302","ROTARY FLANGE A 8 inch"
2131,"RT 8303","Rotary B"
2132,"RT 8303","ROTARY FLANGE B 8 inch"
2133,"RT 8304","Rotary Flange A 10inch"
2134,"RT 8401","DEPTH SKIT TOP ROLLING PATTA"
2135,"RT 8402","Depth Skid Top Rolling Patta"
2136,"RT8411 Cover","Protecter Piate A"
2137,"RT8412 Cover","Protecter Plate B"
2138,"RT 8501","Base Plate 36 Blade"
2139,"RT 8506","SQUARE PIPE 60-60-4 42 Blade"
2140,"RT 8508","Semi Gear Box Housing Clamp"
2141,"RT8602 Back","Door Side Plate"
2142,"RT 8611hinge","Rod 42 Blade"
2143,"RTP 8611","MS Rod OD19mm x 858mm"
2144,"RT 8622","Damper Bush"
2145,"RT 8623","Damper Support Cup"
2146,"RT 8704A","Front Hand Bush"
2147,"RT Depth","Skid Waser"
2148,"RTM 1001","Gear Box Housing"
2149,"RTM 1002","Back Cover"
2150,"RTM 1003","Pto Shaft"
2151,"RTM 1004-16B","Transmission Shaft 16 Blade"
2152,"RTM 1004-20B","Transmission Shaft 20 Blade"
2153,"RTM 1004","- 24B Transmission Shaft 24 Blade"
2154,"RTM 1005","Transmission Shaft Coller"
2155,"RTM 1006","Flange RH 16 Blade"
2156,"RTM 1006","Flange RH 20 blade"
2157,"RTM 1007","Dummy Flange 16 Blade"
2158,"RTM 2001","Gear Side Plate (24-43-34)"
2159,"RTM 2002","Dummy Side Plate"
2160,"RTM 2013","Side Gear Cover"
2161,"RTM 2201","Dummy Pipe Holder"
2162,"RTM 3000","Mini Rotary Flange"
2163,"RTM 3000","Mini Rotary Flange 24 Blade"
2164,"RTM 3000","Rotary Wmt 16 Blade"
2165,"RTM 3000","Rotary Wmt 20 Blade"
2166,"RTM 3000","Rotary Wmt 24 Blade"
2167,"RTM 3002","Dust Cover"
2168,"RTM 4001","Depth Skit Bottom Patta"
2169,"RTM 4002","Depth Skit Adjuster"
2170,"RTM 4004","Depth Skid Adjuster Front"
2171,"RTM 4100","Depth Skit RH"
2172,"RTM 4200","Depth Skit LH"
2173,"RTM 5000","Rotavator Frame 16 Blade"
2174,"RTM 5000","Rotavator frame 20 Blade"
2175,"RTM 5000","Rotavator frame 24 Blade"
2176,"RTM 6001","Back Door Wmt 16 Blade"
2177,"RTM 6001","Back Door wmt 20 blade"
2178,"RTM 6001","Back Door wmt 24 blade"
2179,"RTM 6002","Hinge Rod Wmt 16B"
2180,"RTM 6003","D Samper Spring Assembly"
2181,"RTM 6004","Back Door Holder"
2182,"RTM 7001","Top Link Mounting Patta A"
2183,"RTM 7002","Top Link Mounting Patta B"
2184,"RTM 7005","Dumper Spring Holder"
2185,"RTM 7006","Frame Support Pipe"
2186,"RTM 7007","Top Link Bush"
2187,"RTM 7009","Top Link Cat 2LH"
2188,"RTM 7010","Top Link Cat 2 RH"
2189,"RTM 7011","Cat 2 Middle Plate"
2190,"RTM 7012","Hand Pin"
2191,"RTM 8101-16B","RH Flange Pipe 16 Blade"
2192,"RTM 8101-20B","RH Flange Pipe 20 Blade"
2193,"RTM 8102","Housing Flange"
2194,"RTM 8103","RH Side Plate Flange"
2195,"RTM 8104-16B","Dummy Gear Pipe 16 Blade"
2196,"RTM 8104","- 20B Dummy Gear Pipe 20 Blade"
2197,"RTM 8105","Dummy Housing Flange"
2198,"RTM 8221","Dummy Pipe Support Plate"
2199,"RTM 8402","Depth Skid Holder A"
2200,"RTM 8403","Depth Skid Holder B"
2201,"RTM 8505","LINK SUPPORT RIB"
2202,"RTM 8508","Gear Box Flange Clamp"
2203,"RTM 8607","Support Rib Mini"
2204,"RTM 8612","Hinge Rod Side Plate"
2205,"RTM 8701","Cat 2 Plate LH"
2206,"RTM 8702","Cat 2 Plate RH"
2207,"RTMP 2102","43 Teeth Squr Gear"
2208,"RTP 1121","Bearing 30209"
2209,"SP046 Bearing",32211
2210,"RTP 7028","Star Cover"
2211,"RTP 8508","Semi Gearbox Housing Clamp"
2212,"RT Square","Pipe 60-60-4"
2213,"Sample Shaft",
2214,"SH 2010","Driven Pulley 5"" x 4C"
2215,"SH 2011","Drive Pulley 24"" x 4C"
2216,"SP001 Tipping","Hose 1 1/4"
2217,"SP002 Coupling","Set New"
2218,"SP003 Coupling","Set Old"
2219,"SP004 Linch","Pin Medium (2)"
2220,"SP005 Linch","Pin Small (3)"
2221,"SP006 Linch","Pin L Link(4)"
2222,"SP007 Linch","Pin Big(1)"
2223,"SP008 Rotavator","Cross (M)"
2224,"SP009 Rotavator","Cross (S)"
2225,"SP010 Rotavator","Cross Big"
2226,"SP011 Yoke","Mini Inner (1)"
2227,"SP012 YOKE","Outer (2)"
2228,"SP013 YOKE","6 Spline Mini (1)"
2229,"SP014 Chain","Case Pkg GM"
2230,"SP015 Chain","Case SM"
2231,"SP016 5","Tin Showal Set"
2232,"SP017 9","Tin Showel Set"
2233,"SP018 6splain","Yoke Inner Lock"
2234,"SP019 Oil","Seal 65-80-10"
2235,"SP020 Oil","Seal 55-72-10"
2236,"SP021 Showal",Bolt
2237,"SP022 OIL","SEAL 75-100-10"
2238,"SP023 Gasket",GM
2239,"SP024 Tille","Pin Set"
2240,"SP026 Rotavator","Chain 11/2"
2241,"SP027 Air","Breather Cap"
2242,"SP028 R","Pin Medium"
2243,"SP029 R","Pin Small"
2244,"SP030 R","Pin Big"
2245,"SP031 Air","Seal 55-72-10"
2246,"SP032 Air","Seal 40x72x10"
2247,"SP033 Push","Pin Big"
2248,"SP035 Gear","Oil 90-1ltr"
2249,"SP036 Gear","Oil 90-5ltr"
2250,"SP038 Gear","Oil 140-5lit"
2251,"SP039 MG",20/40-1LTR
2252,"SP040 MG20/40-5Ltr",
2253,"SP041 Grease-1kg",
2254,"SP042 AP3",Grease-1kg
2255,"SP043 AP3","Grease 1/2kg"
2256,"SP044 Bearing",25877
2257,"SP045 Bearing",1988
2258,"SP047 Bearing",6311
2259,"SP048 Bearing",30208
2260,"SP051 Bearing",32208
2261,"Square Tube","100 x 100 x 5mm"
2262,"RM Test",
2263,"T.Motor Frame",Alter
2264,"Travelling Motor","Assambly 212"
2265,"Wear Strip",9.7*2.5
2266,"Welding Nut",
2267,"Welding Tip",
2268,"Yuri Buffing",Wheel
